省,村名,站点,编号,签约时间,开业时间,银行,卡数,存款数,卡均
河北省,衡水市冀州市南午村镇王瓦窑,南午村镇王瓦窑村,13110001,2013/10/22 14:13,2013/7/6 0:00,中国银行,489,6079729.5,12432.98466
河北省,衡水市深州市穆村乡王庄村,穆村乡王庄,13110002,2013/10/22 16:53,2013/4/18 0:00,中国银行,593,7930522,13373.56155
河北省,衡水市饶阳县东里满乡固店,饶阳县东里满乡固店村,13110004,2013/10/28 14:15,2013/9/17 0:00,中国银行,391,3088561,7899.132992
河北省,衡水市饶阳县东里满乡小堤村,饶阳县东里满乡小堤村,13110005,2013/10/28 14:47,,中国银行,578,5065610.5,8764.032007
河北省,衡水市饶阳县东里满乡桑园,饶阳县东里满乡桑园村,13110006,2013/10/28 15:15,2013/7/14 0:00,中国银行,301,1605134.8,5332.673754
河北省,衡水市饶阳县五公镇北官庄村,饶阳县五公镇北官庄村,13110007,2013/10/28 15:37,2013/8/26 0:00,中国银行,354,4065627,11484.82203
河北省,衡水市饶阳县大官亭乡西张岗,饶阳县官亭镇西张岗村,13110008,2013/10/28 15:59,2013/7/17 0:00,中国银行,304,1456512.9,4791.160855
河北省,衡水市深州市唐奉镇赵八庄村,唐奉镇赵八庄,13110009,2013/10/28 16:57,,中国银行,1103,9996155,9062.697189
河北省,衡水市深州市太古庄乡郭庄村,高古庄镇郭庄,13110010,2013/10/28 17:18,2013/5/15 0:00,中国银行,348,2287492.8,6573.255172
河北省,衡水市冀州市西王镇水泊张,西王镇水泊张村,13110011,2013/10/29 9:21,2013/8/28 0:00,中国银行,229,948161.2,4140.441921
河北省,衡水市冀州市门庄乡东堤北村,门庄乡东堤北村,13110012,2013/10/29 9:35,2013/6/5 0:00,中国银行,1299,13059572,10053.55812
河北省,衡水市冀州市南午村镇孟岭,南午村镇孟岭村,13110014,2013/10/29 10:21,2013/8/27 0:00,中国银行,451,4248766,9420.767184
河北省,衡水市冀州市南午村镇田村,南午村镇田村,13110015,2013/10/29 10:45,2013/8/24 0:00,中国银行,418,5173044.5,12375.70455
河北省,衡水市冀州市西王镇西吕津,西王镇西吕津村,13110016,2013/10/29 11:01,2013/9/3 0:00,中国银行,832,9520839,11443.31611
河北省,衡水市枣强县马屯镇吉科村,马屯镇吉科村,13110017,2013/10/29 15:24,2013/9/18 0:00,中国银行,202,170672.31,844.912426
河北省,衡水市饶阳县大尹村镇大迁民,饶阳县大尹村镇大迁民庄,13110018,2013/10/29 16:32,2013/9/13 0:00,中国银行,389,4155279.8,10681.95321
河北省,衡水市饶阳县大尹村镇南流满村,饶阳县大尹村镇南流满村,13110019,2013/10/29 16:50,,中国银行,278,1085242.2,3903.748921
河北省,衡水市桃城区赵家圈镇前王家村,赵圈镇前王庄村,13110021,2013/10/30 10:05,,中国银行,203,6854262.5,33764.8399
河北省,衡水市武邑县赵桥镇夹河村,赵桥镇夹河村,13110022,2013/10/30 10:22,,中国银行,306,2261595.2,7390.833987
河北省,衡水市枣强县新屯乡新屯镇西岳庄,新屯镇西岳庄,13110023,2013/10/30 11:05,,中国银行,76,207239.56,2726.836316
河北省,衡水市枣强县马屯镇肖张镇张仓口,肖张镇张仓口,13110024,2013/10/30 11:28,2013/12/26 0:00,中国银行,93,751230.25,8077.744624
河北省,衡水市枣强县嘉会镇嘉会镇马田村,嘉会镇马田村,13110025,2013/10/30 11:38,2013/10/8 0:00,中国银行,228,2412050,10579.16667
河北省,衡水市武强县街关镇郑家,武强县街关镇郑家村,13110030,2013/10/30 14:13,2014/1/23 0:00,中国银行,154,1307203.6,8488.335065
河北省,衡水市安平县大何庄乡长汝,大何庄乡长汝村,13110031,2013/10/30 14:44,,中国银行,462,2820340.5,6104.633117
河北省,衡水市安平县南王庄镇南王庄,南王庄镇南王庄村,13110032,2013/10/30 14:55,2013/11/26 0:00,中国银行,673,10974796,16307.27489
河北省,衡水市武强县豆村乡南孙庄,武强县豆村乡南孙庄村,13110033,2013/10/30 15:25,,中国银行,145,805376.2,5554.318621
河北省,衡水市武强县北代乡北平都,武强县北代乡北平都村,13110034,2013/10/30 15:41,2014/1/28 0:00,中国银行,391,960472.06,2456.450281
河北省,衡水市武强县周家窝乡大段庄村,衡水武强县周窝镇大段庄村,13110035,2013/10/30 16:16,2014/1/24 0:00,中国银行,220,1045063.3,4750.287727
河北省,衡水市武强县豆村乡大杨庄村,衡水武强县豆村乡大杨庄村,13110036,2013/10/30 16:50,2014/1/26 0:00,中国银行,301,1642957.1,5458.329236
河北省,衡水市武强县孙庄乡张法台村,衡水武强县孙庄乡张法台村,13110037,2013/10/30 18:10,2014/1/20 0:00,中国银行,290,1731658.2,5971.235172
河北省,衡水市武强县孙庄乡西王庄,衡水武强县孙庄乡西王庄村,13110038,2013/10/31 9:04,2014/1/28 0:00,中国银行,561,891076.1,1588.370945
河北省,石家庄市鹿泉市李村镇北许营,鹿泉区李村镇北许营村,13010001,2013/11/1 8:39,2013/5/1 0:00,中国银行,353,2943019,8337.164306
河北省,衡水市阜城县古城镇柳树高,阜城县古城镇柳树高村,13110044,2013/11/1 0:00,,中国银行,68,833046.75,12250.6875
河北省,衡水市阜城县阜城镇八里屯,衡水阜城八里屯,13110054,2013/11/1 0:00,,中国银行,473,20972074,44338.42283
河北省,衡水市枣强县枣强镇枣强县枣强镇范庄村,枣强县枣强镇范庄村,13110057,2013/11/4 0:00,,中国银行,2,162864.69,81432.345
河北省,衡水市枣强县肖张镇肖张镇后河村,肖张镇后河村,13110064,2013/11/4 14:37,2013/12/8 0:00,中国银行,165,361302.44,2189.711758
河北省,衡水市饶阳县留楚乡西段村,饶阳县留楚乡西段村,13110073,2013/11/5 8:47,2013/10/24 0:00,中国银行,1129,3263094.2,2890.251727
河北省,衡水市饶阳县大官亭乡段庄村,饶阳县官亭镇段庄村,13110075,2013/11/5 14:13,2013/10/25 0:00,中国银行,219,2067695.8,9441.533333
河北省,衡水市饶阳县大官亭乡西岐河,饶阳县官亭镇西岐河村,13110076,2013/11/5 15:20,2013/11/24 0:00,中国银行,215,1418508.2,6597.712558
河北省,衡水市冀州市码头李镇东羡,码头李镇东羡村,13110077,2013/11/6 10:41,,中国银行,251,540665.5,2154.045817
河北省,衡水市饶阳县大官亭乡李岗村,饶阳县官亭镇李岗村,13110080,2013/11/6 14:22,,中国银行,483,1763904,3651.975155
河北省,衡水市饶阳县大尹村镇大尹村,饶阳县大尹村镇大尹村,13110081,2013/11/6 16:36,2013/9/28 0:00,中国银行,1106,3372171.8,3048.979928
河北省,衡水市枣强县肖张镇肖张镇程杨村,肖张镇程杨村,13110085,2013/11/7 14:01,2014/3/26 0:00,中国银行,655,4537119.5,6926.9
河北省,衡水市景县北留智镇第三排村,景县北留智镇第三前排村,13110086,2013/11/9 8:36,2014/5/31 0:00,中国银行,124,584292.56,4712.036774
河北省,衡水市景县北留智镇常东,景县北留智常庄科东村,13110087,2013/11/9 0:00,,中国银行,418,3683365.8,8811.879904
河北省,衡水市冀州市码头李镇烟家雾村,码头李镇烟家雾村,13110088,2013/11/11 10:26,,中国银行,265,711436,2684.664151
河北省,衡水市冀州市徐家庄乡徐庄乡庄子头村,徐庄乡庄子头村,13110089,2013/11/11 10:52,2014/3/16 0:00,中国银行,308,7564522,24560.13636
河北省,衡水市桃城区郑家河沿镇南沼,桃城区河沿镇南沼村,13110090,2013/11/12 8:50,,中国银行,592,16335102,27593.0777
河北省,衡水市深州市唐奉镇黄疃,唐奉镇黄疃村,13110095,2013/11/20 11:43,,中国银行,166,747227.9,4501.372892
河北省,衡水市深州市护驾迟镇西王庄,护迟镇西王庄,13110098,2013/11/20 14:46,,中国银行,106,809696.8,7638.649057
河北省,衡水市深州市唐奉镇大疃新村,唐奉镇大疃新村,13110099,2013/11/20 14:50,,中国银行,547,4257942.5,7784.172761
河北省,衡水市深州市大冯营乡中李,大冯营乡中李村,13110103,2013/11/21 9:16,2014/3/30 0:00,中国银行,241,1588514.8,6591.347718
河北省,衡水市阜城县漫河乡许家铺村,衡水阜城县漫河乡许家铺村,13110108,2013/12/5 0:00,,中国银行,345,1548520.2,4488.464348
河北省,衡水市深州市深州镇礼门寺,深州镇礼门寺村,13110111,2013/12/5 16:55,2013/7/10 0:00,中国银行,132,946474.3,7170.259848
河北省,衡水市深州市唐奉镇里边营,唐奉镇里边营,13110112,2013/12/5 17:02,,中国银行,170,1652717.5,9721.867647
河北省,衡水市深州市东安庄乡东安庄乡西阳台村,衡水深州西阳台,13110114,2013/12/9 16:07,,中国银行,0,0,\N
河北省,衡水市深州市穆村乡庄火头,穆村乡庄火头村,13110115,2013/12/9 16:35,,中国银行,371,6797045.5,18320.87736
河北省,衡水市武强县北代乡张北召什,衡水武强县北代乡张北召什村,13110116,2013/12/9 17:15,2014/1/20 0:00,中国银行,252,1846301.9,7326.594841
河北省,沧州市盐山县千童镇南街,盐山县千童镇南街村,13090001,2013/12/17 9:01,2013/12/5 0:00,中国银行,475,3076316.8,6476.456421
河北省,衡水市枣强县唐林乡唐林治江农资,唐林治江农资,13110117,2013/12/17 11:31,2014/3/28 0:00,中国银行,98,54474.37,555.860918
河北省,衡水市桃城区邓家庄乡大葛村,衡水桃城区大葛村,13110118,2013/12/20 0:00,,中国银行,151,1627093.1,10775.45099
河北省,衡水市武邑县韩庄镇大赵村,韩庄镇大赵村,13110119,2013/12/20 14:05,,中国银行,297,519527.06,1749.24936
河北省,衡水市武邑县肖桥头镇青V村,桥头镇青V村,13110120,2013/12/25 15:56,,中国银行,149,174791.75,1173.098993
河北省,衡水市冀州市冀州镇黄沙村,冀州镇黄沙村,13110123,2013/12/26 10:59,,中国银行,635,4342432.5,6838.476378
河北省,张家口市蔚县宋家庄镇上苏庄,蔚县宋家庄镇上苏庄村,13070001,2013/12/26 11:53,,中国银行,361,618962.5,1714.577562
河北省,张家口市蔚县代王城镇张中堡,蔚县代王城镇张中堡村,13070002,2013/12/26 13:52,,中国银行,493,3679232.2,7462.945639
河北省,沧州市盐山县圣佛镇西圣佛,盐山县圣佛镇西圣佛村,13090002,2013/12/26 16:08,2013/11/28 0:00,中国银行,1733,10972255,6331.364686
河北省,沧州市泊头市王武庄乡王武村,泊头市王武镇王武村,13090004,2013/12/27 13:48,2013/12/26 0:00,中国银行,326,21600336,66258.69939
河北省,沧州市东光县于桥乡桐梨村,任丘市北汉乡前桐梨村,13090007,2013/12/27 14:18,2013/12/27 0:00,中国银行,130,431264.72,3317.420923
河北省,沧州市任邱市苟各庄镇郑召村,任丘市苟各庄镇郑召村,13090008,2013/12/27 14:38,2013/12/20 0:00,中国银行,136,1894010.8,13926.55
河北省,沧州市沧县旧州镇东庞河村,沧县旧州镇东庞河村,13090009,2013/12/27 14:58,2013/12/13 0:00,中国银行,207,2351824.5,11361.47101
河北省,沧州市河间市瀛州镇林豆万村,河间市瀛州镇林豆万村,13090010,2013/12/27 15:21,2014/1/17 0:00,中国银行,321,741657.2,2310.458567
河北省,张家口市蔚县北水泉镇北马圈村,蔚县北水泉镇北马圈村,13070003,2013/12/31 11:34,,中国银行,574,2225106,3876.491289
河北省,邯郸市永年县西苏乡永年方头固村,永年县西苏乡方头固村,13040005,2014/1/1 22:01,2014/1/9 0:00,中国银行,250,8966401,35865.604
河北省,邯郸市永年县西苏乡双陵村,永年县西苏乡双陵村,13040006,2014/1/1 22:02,2014/1/9 0:00,中国银行,886,6993575.5,7893.426072
河北省,沧州市孟村回族自治县牛进庄乡塔上村,孟村县牛进庄乡塔上村,13090013,2014/1/1 22:44,2013/12/18 0:00,中国银行,190,1896587.1,9982.037368
河北省,沧州市孟村回族自治县宋庄子乡东宋村,孟村县宋庄子乡东宋村,13090014,2014/1/1 23:08,2013/12/19 0:00,中国银行,365,3510968,9619.090411
河北省,沧州市南皮县南皮镇西街,南皮县寨子镇西街村,13090015,2014/1/1 23:16,2013/12/23 0:00,中国银行,585,8589328,14682.61197
安徽省,滁州市明光市张八岭镇老三界,明光市三界镇三界村福乐家便利店,34110001,2014/1/2 10:47,,建设银行,313,2113273.5,6751.672524
河北省,沧州市孟村回族自治县宋庄子乡张院村,孟村县宋庄子乡张院村,13090016,2014/1/2 11:14,2013/12/26 0:00,中国银行,107,1090703.4,10193.48972
河北省,沧州市盐山县小营乡小庄村,盐山县小庄乡南徐小庄村,13090017,2014/1/2 13:19,2013/12/11 0:00,中国银行,467,3787032.8,8109.277944
河北省,沧州市青县农场虚拟乡农场三分场,青县国营农场第三分场,13090018,2014/1/2 13:51,2013/12/2 0:00,中国银行,605,11897373,19665.07934
河北省,沧州市青县清州镇罗家店,青县清州镇罗家店村,13090019,2014/1/2 15:04,2014/1/22 0:00,中国银行,600,14092632,23487.72
河北省,沧州市青县上伍乡欧辛庄,青县欧辛庄村,13090022,2014/1/4 0:00,,中国银行,315,2217561,7039.87619
河北省,沧州市青县上伍乡清河庄村,青县上伍乡清和庄村,13090023,2014/1/4 0:00,,中国银行,147,1831796.6,12461.20136
河北省,沧州市青县金牛镇觉道庄村,青县金牛镇觉道庄村,13090024,2014/1/4 0:00,,中国银行,203,3205538.2,15790.82857
河北省,沧州市青县木门店镇崇仙村,青县崇仙,13090025,2014/1/4 0:28,2014/1/30 0:00,中国银行,253,1529313.9,6044.718972
河北省,沧州市献县河城街镇小屯村,献县河城街镇小屯村,13090026,2014/1/4 10:02,2014/1/24 0:00,中国银行,682,3293907.8,4829.776833
河北省,沧州市黄骅市常郭乡李子札村,黄骅市常郭镇李子札村,13090027,2014/1/4 10:03,2013/12/30 0:00,中国银行,902,24838986,27537.67849
河北省,沧州市黄骅市港城开发区新村乡冯家堡村,沧州市渤海新区冯家堡村,13090028,2014/1/4 10:04,2014/1/4 0:00,中国银行,220,16487913,74945.05909
河北省,沧州市青县清州镇耿官屯,青县清州镇耿官屯村,13090029,2014/1/4 0:00,,中国银行,765,24530912,32066.55163
河北省,邯郸市武安市石洞乡青烟寺村,武安市石洞乡青烟寺村,13040007,2014/1/6 0:09,2014/1/10 0:00,中国银行,270,16641600,61635.55556
河北省,邯郸市峰峰矿区临水镇西泉头村,峰峰矿区临水镇西泉头,13040008,2014/1/6 8:48,2014/1/19 0:00,中国银行,1698,62099508,36572.14841
河北省,邯郸市成安县商城镇秦连庄村,成安县商城镇秦连庄,13040009,2014/1/6 8:49,2014/1/10 0:00,中国银行,243,1227780.2,5052.593416
河北省,衡水市桃城区彭杜村乡刘家南田村,桃城区彭杜乡刘家南田村,13110124,2014/1/7 14:31,,中国银行,336,10140726,30180.73214
河北省,沧州市海兴县辛集镇辛集村,海兴县辛集镇辛集村,13090030,2014/1/8 10:50,2014/1/8 0:00,中国银行,605,7693111,12715.88595
河北省,衡水市冀州市徐家庄乡北褚宜,徐庄乡北褚宜村,13110125,2014/1/8 14:41,2013/10/13 0:00,中国银行,373,2768754.5,7422.934316
河北省,衡水市冀州市南午村镇赵伯舍,南午村镇赵伯舍村,13110127,2014/1/8 14:48,2013/12/8 0:00,中国银行,243,2707086.8,11140.2749
河北省,衡水市冀州市徐家庄乡东千家村,徐庄乡东千村,13110128,2014/1/8 14:51,2013/9/30 0:00,中国银行,447,7006021.5,15673.42617
河北省,衡水市冀州市南午村镇大伯舍,南午村镇大伯舍村,13110129,2014/1/8 14:52,2013/10/9 0:00,中国银行,196,1271709.1,6488.311735
河北省,衡水市冀州市冀州镇圭庄,官道李镇圭庄村,13110130,2014/1/8 14:53,2013/10/30 0:00,中国银行,131,786650.5,6004.965649
河北省,衡水市冀州市官道李镇范家庄村,官道李镇范家庄村,13110131,2014/1/8 14:54,2013/10/27 0:00,中国银行,300,5007673,16692.24333
河北省,衡水市冀州市冀州镇宋寨村,冀州镇宋家寨村,13110132,2014/1/8 14:55,2013/12/11 0:00,中国银行,0,0,\N
河北省,衡水市冀州市北漳淮乡西南王村,北漳淮乡西南王村,13110133,2014/1/8 14:57,2013/12/15 0:00,中国银行,367,1314381.2,3581.420163
河北省,衡水市冀州市南午村镇燕家庄,南午村镇燕家庄,13110134,2014/1/8 16:33,2013/12/13 0:00,中国银行,151,739268.9,4895.82053
河北省,衡水市冀州市小寨乡小寨村,小寨乡小寨村,13110135,2014/1/8 16:36,,中国银行,150,1454767.5,9698.45
河北省,衡水市饶阳县大尹村镇大王庄村,饶阳县大尹村镇大王庄村,13110138,2014/1/8 16:52,,中国银行,455,1333579.2,2930.943297
河北省,衡水市饶阳县五公镇五公村,饶阳县五公镇五公村,13110139,2014/1/8 16:53,2013/12/5 0:00,中国银行,235,1739623.4,7402.652766
河北省,衡水市饶阳县留楚乡大齐村,饶阳县留楚乡大齐村,13110140,2014/1/8 16:56,2014/4/2 0:00,中国银行,244,4815037.5,19733.76025
河北省,衡水市饶阳县留楚乡合我村,饶阳县留楚乡合我村,13110141,2014/1/8 16:57,,中国银行,71,697624.4,9825.695775
河北省,衡水市景县北留智镇赵桥村,景县北留智镇赵桥村,13110143,2014/1/8 18:21,2014/6/1 0:00,中国银行,177,310954.7,1756.806215
河北省,衡水市枣强县枣强镇崔村铺村,枣强镇崔村铺,13110144,2014/1/8 19:10,2014/3/20 0:00,中国银行,425,4783604.5,11255.54
河北省,衡水市枣强县张秀屯乡大张庄村,张秀屯镇大张庄村,13110084,2013/11/7 13:53,,中国银行,334,4943230,14800.08982
河北省,沧州市孟村回族自治县孟村镇自来屯北街,孟村县孟村镇自来屯北街,13090032,2014/1/9 19:23,2014/1/10 0:00,中国银行,317,38504608,121465.6404
河北省,沧州市黄骅市羊三木乡刘皮庄村,黄骅市羊三木乡刘皮庄村,13090033,2014/1/9 19:31,2014/1/18 0:00,中国银行,526,3918234,7449.114068
河北省,邯郸市磁县磁州镇张庄村,磁县磁州镇张庄村,13040011,2014/1/9 22:26,2014/1/13 0:00,中国银行,196,4002425.5,20420.53827
河北省,邯郸市磁县西固义乡徐家沟二街村,磁县西固义乡徐家沟二村,13040012,2014/1/9 22:27,2014/1/13 0:00,中国银行,255,14494377,56840.69412
河北省,沧州市泊头市寺门村镇韩集村,泊头市寺门村镇韩集村,13090034,2014/1/10 9:48,2014/1/10 0:00,中国银行,207,587181.5,2836.625604
河北省,沧州市青县上伍乡小许庄村,青县上伍乡小许庄村,13090037,2014/1/10 0:00,,中国银行,118,657631.25,5573.146186
河北省,沧州市青县清州镇泉流庄村,青县清州镇泉流庄村,13090038,2014/1/10 21:55,2014/1/9 0:00,中国银行,638,6465182,10133.51411
河北省,沧州市东光县找王镇大曹村,东光县找王镇大曹村,13090040,2014/1/11 11:45,2013/12/23 0:00,中国银行,164,3102603.5,18918.31402
河北省,邯郸市邯郸县河沙镇镇南泊村,邯郸县河砂镇南泊村,13040013,2014/1/14 13:13,2014/1/16 0:00,中国银行,641,7394736,11536.24961
河北省,沧州市吴桥县安陵镇南魏村,吴桥县安陵镇南魏村,13090042,2014/1/15 23:16,2014/1/18 0:00,中国银行,295,3260199.8,11051.52475
河北省,沧州市黄骅市滕庄子乡朱里口村,黄骅市滕庄子朱里口,13090043,2014/1/15 23:25,2014/1/21 0:00,中国银行,438,3211653,7332.541096
河北省,沧州市沧县汪家铺乡杨桥村,沧县汪家铺乡杨桥村,13090044,2014/1/15 23:34,,中国银行,259,2649880.2,10231.19768
河北省,邯郸市临漳县张村集乡黄凯河村,临漳县张村集乡黄开河村,13040016,2014/1/16 7:55,2014/1/16 0:00,中国银行,0,0,\N
河北省,衡水市冀州市小寨乡北大方村,小寨乡北大方村,13110145,2014/1/16 9:54,2013/12/16 0:00,中国银行,47,261866.45,5571.626596
河北省,沧州市海兴县青锋农场青锋农场,海兴县青锋农场,13090045,2014/1/17 10:32,2014/1/17 0:00,中国银行,228,8170038,35833.5
河北省,衡水市饶阳县留楚乡北空城村,饶阳县合方区北空城村,13110146,2014/1/17 11:46,,中国银行,697,1030076.1,1477.871019
河北省,衡水市深州市东安庄乡西安庄,东安庄乡西安庄村,13110147,2014/1/17 13:23,2013/9/10 0:00,中国银行,564,3823308.5,6778.91578
安徽省,滁州市定远县七里塘乡孙集街道,杨开锋通讯服务部,34110003,2014/1/18 9:54,,建设银行,297,209401.56,705.055758
河北省,沧州市黄骅市官庄乡吕郭庄村,黄骅市官庄乡吕郭庄村,13090046,2014/1/19 0:00,,中国银行,204,27439.3,134.506373
河北省,沧州市南皮县潞灌乡焦山寺村,南皮县潞灌乡焦山寺村,13090047,2014/1/19 23:45,2014/1/21 0:00,中国银行,432,3097545.5,7170.244213
河北省,沧州市南皮县潞灌乡凤翔村,南皮县潞灌乡凤翔村,13090048,2014/1/19 23:58,2014/1/26 0:00,中国银行,109,937258.44,8598.701284
河北省,邯郸市邯山区北张庄镇大隐豹村,邯郸县北张庄镇大隐豹村,13040017,2014/1/20 21:22,2014/1/21 0:00,中国银行,548,2495650.2,4554.106204
河北省,沧州市任邱市开发区管理委员会八里屯村,开发区八里屯助农取款点,13090049,2014/1/22 9:35,2014/1/19 0:00,中国银行,545,29835858,54744.69358
河北省,沧州市沧县仵龙堂乡王官屯村,沧县仵龙堂乡王官屯村,13090050,2014/1/23 13:36,2014/1/26 0:00,中国银行,119,2556405.5,21482.39916
河北省,邯郸市成安县商城镇义井庄村,成安县商城镇义井庄,13040020,2014/1/24 8:38,2014/1/13 0:00,中国银行,143,1141649.9,7983.565734
河北省,沧州市青县清州镇刘缺屯村,青县清州镇刘缺屯村,13090051,2014/1/24 0:00,,中国银行,103,1109523.1,10772.06893
河北省,邯郸市磁县时村营乡时村营村,磁县时村营乡时村营村,13040023,2014/1/24 16:12,,中国银行,534,3413508.2,6392.337453
河北省,邯郸市磁县讲武城镇申庄村,磁县申庄乡申庄村,13040025,2014/1/24 20:46,2014/3/19 0:00,中国银行,263,1799301.5,6841.45057
河北省,邯郸市磁县花官营乡东城营村,磁县花官营镇花官营村,13040026,2014/1/24 20:47,2014/6/15 0:00,中国银行,867,3628248.8,4184.831373
河北省,沧州市泊头市洼里王镇贾庄村,泊头市郝村镇贾庄村,13090053,2014/1/24 23:18,2014/2/21 0:00,中国银行,295,5435678,18426.02712
河北省,沧州市泊头市文庙镇滑庄村,泊头市文庙镇滑庄村,13090055,2014/1/24 23:33,2014/3/20 0:00,中国银行,136,282073.12,2074.067059
河北省,沧州市任邱市苟各庄镇枣林庄二村,任丘市苟各庄镇枣林庄村,13090056,2014/1/24 23:38,2013/1/27 0:00,中国银行,128,1863689,14560.07031
河北省,沧州市孟村回族自治县宋庄子乡东姜官屯,孟村县宋庄子东姜官屯,13090057,2014/1/24 23:42,2014/1/20 0:00,中国银行,378,11020261,29154.12963
河北省,沧州市任邱市吕公堡镇毕村,任丘市吕公堡镇毕村,13090058,2014/1/24 23:48,,中国银行,93,1069820.4,11503.44516
河北省,沧州市沧县风化店乡大白头村,沧县风化店乡大白头村,13090059,2014/1/24 23:52,2014/2/21 0:00,中国银行,225,2236690.8,9940.848
河北省,沧州市孟村回族自治县新县镇大堤东村,孟村县新县镇堤东村,13090062,2014/1/25 19:56,2014/4/23 0:00,中国银行,160,5308525,33178.28125
河北省,沧州市黄骅市官庄乡孔家庄村,中捷产业园区孔家庄,13090064,2014/1/25 0:00,,中国银行,329,4751013,14440.769
河北省,沧州市青县马厂镇王维官屯村,青县马厂镇王维屯村,13090065,2014/1/25 20:19,2014/3/4 0:00,中国银行,162,792952.06,4894.765802
河北省,沧州市吴桥县铁城镇双刘店村,吴桥县铁城镇双刘店村,13090066,2014/1/25 21:00,2014/3/20 0:00,中国银行,206,2591979,12582.42233
河北省,沧州市青县马厂镇刘世印屯村,青县马厂镇刘世印屯,13090068,2014/1/26 0:06,,中国银行,1730,3385416.2,1956.887977
河北省,沧州市黄骅市国营中捷农场虚拟乡南排河,黄骅市南排河镇居委会,13090069,2014/1/26 10:55,2014/1/26 0:00,中国银行,848,9915046,11692.27123
河北省,沧州市黄骅市黄骅镇后街村,黄骅市黄骅镇后街村,13090070,2014/1/26 0:00,,中国银行,368,16256627,44175.61685
河北省,沧州市孟村回族自治县宋庄子乡许村,孟村县宋庄子乡许村,13090071,2014/1/26 14:23,2014/1/14 0:00,中国银行,536,1471061.1,2744.516978
河北省,张家口市蔚县代王城镇代王城镇石家庄村,蔚县代王城镇石家庄村,13070005,2014/1/26 21:57,,中国银行,205,409683.1,1998.454146
河北省,邯郸市成安县长巷乡封边营村,成安县长苑镇封边董,13040029,2014/1/27 10:34,,中国银行,403,3374757,8374.086849
河北省,邯郸市成安县长巷乡吴村,成安县长巷乡吴村,13040030,2014/1/27 10:35,,中国银行,443,6700853.5,15126.08014
河北省,沧州市海兴县赵毛陶乡大张庄村,海兴县赵毛陶乡大张庄村,13090072,2014/1/30 13:35,2014/1/30 0:00,中国银行,108,1234763.9,11432.99907
河北省,邯郸市成安县成安镇北阳村,成安县成安乡北阳村,13040031,2014/2/9 22:08,2014/4/10 0:00,中国银行,463,8357403.5,18050.54752
河北省,邯郸市成安县李家疃镇郑家庄村,成安县李家疃镇郑家庄,13040035,2014/2/9 22:21,,中国银行,270,1337436,4953.466667
河北省,邯郸市成安县道东堡乡大堤西村,成安县道东堡乡大堤西,13040036,2014/2/9 22:23,2014/3/22 0:00,中国银行,585,3518564.2,6014.639658
河北省,沧州市盐山县孟店乡乔庄,盐山县孟店乡乔庄村,13090073,2014/2/11 12:06,2014/2/11 0:00,中国银行,190,528160.44,2779.791789
河北省,邯郸市磁县高臾镇高臾村,磁县高臾镇高臾村,13040037,2014/2/11 20:21,2014/3/19 0:00,中国银行,178,3221469.5,18098.14326
河北省,邯郸市磁县路村营乡路村营村,磁县路村营乡路村营村,13040038,2014/2/11 20:22,,中国银行,680,2742932.8,4033.724706
河北省,邯郸市永年县刘营乡榆林东村,永年县刘营乡榆林村,13040041,2014/2/12 21:23,,中国银行,182,6314404.5,34694.53022
河北省,邯郸市永年县小龙马乡马到固村,永年县小龙马乡马道固村,13040047,2014/2/13 20:59,2014/3/29 0:00,中国银行,195,3523626.5,18069.87949
河北省,沧州市海兴县苏基镇张常丰村,海兴县苏基镇张常丰村,13090074,2014/2/14 0:01,2013/12/20 0:00,中国银行,255,1613574,6327.741176
河北省,沧州市东光县东光镇东安屯村,东光县东光镇东安屯村,13090075,2014/2/14 0:05,2014/1/28 0:00,中国银行,549,10905193,19863.73953
河北省,衡水市深州市东安庄乡西景萌,东安庄乡西景萌,13110150,2014/2/14 11:54,2013/7/2 0:00,中国银行,590,12900852,21865.85085
河北省,衡水市桃城区何家庄乡大屯村,桃城区大屯村,13110151,2014/2/15 11:25,,中国银行,364,20434970,56140.02747
河北省,邯郸市永年县大北汪镇南正里村,永年县大北汪镇南正里村,13040053,2014/2/16 8:55,,中国银行,205,1802610.8,8793.223415
河北省,邯郸市成安县漳河店镇姜营村,成安县漳河店乡姜营村,13040054,2014/2/16 8:56,2014/5/27 0:00,中国银行,212,1082514.8,5106.201887
河北省,邯郸市成安县北乡义乡大寨村,成安县北乡义乡大寨村,13040055,2014/2/16 8:56,2014/5/27 0:00,中国银行,195,1237443.8,6345.865641
河北省,邯郸市邯郸县河沙镇镇北文庄村,邯郸县河沙镇北文庄村,13040061,2014/2/16 21:33,,中国银行,702,6130063,8732.283476
安徽省,滁州市明光市司巷乡司巷,明光市司巷周艳便利店,34110004,2014/2/19 9:33,,建设银行,350,1224984.6,3499.956
河北省,沧州市孟村回族自治县新县镇孙楼,孟村县孟村镇孙家楼村,13090076,2014/2/19 17:33,2014/1/14 0:00,中国银行,207,2577589.2,12452.12174
河北省,邯郸市临漳县称勾集镇称西村,临漳县称勾镇称勾集村,13040065,2014/2/19 19:15,,中国银行,720,1669139.4,2318.249167
河北省,邯郸市邯郸县代召乡贾庄村,邯郸县代召乡贾庄村,13040067,2014/2/19 20:42,,中国银行,347,5368439,15471.00576
河北省,沧州市南皮县寨子镇大马村,南皮县寨子镇大马村,13090077,2014/2/22 12:13,2014/1/11 0:00,中国银行,375,1998240.9,5328.6424
安徽省,滁州市全椒县草庵乡谭墩,谢银龙化肥经营部,34110005,2014/2/25 8:43,,建设银行,362,470391.88,1299.425083
安徽省,滁州市全椒县古河镇石涧站,许克圣百货店,34110006,2014/2/25 9:16,,建设银行,425,1064243.1,2504.101412
安徽省,滁州市来安县水口镇上蔡站,来安县水口新民烟酒店,34110007,2014/2/25 9:28,,建设银行,325,1066440.8,3281.356308
安徽省,滁州市来安县舜山乡复兴站,来安县胡敏食杂店,34110008,2014/2/25 9:38,,建设银行,123,467179.84,3798.210081
安徽省,滁州市定远县拂晓乡胜利站,许正莉百货店,34110009,2014/2/25 11:20,,建设银行,178,474395.84,2665.145169
安徽省,滁州市定远县仁和乡仁和站,定远县仁和街沈帮翠商店,34110010,2014/2/25 11:30,,建设银行,254,595150.6,2343.112598
安徽省,滁州市定远县七里塘乡汽车实验场,定远县建英百货商店,34110011,2014/2/25 11:38,,建设银行,108,315045.94,2917.092037
安徽省,滁州市凤阳县石门山镇牛王站,韩克强农用商品店,34110012,2014/2/25 14:51,,建设银行,309,1842050.5,5961.328479
安徽省,滁州市凤阳县殷涧镇宋集站,宋华金种子经营部,34110013,2014/2/25 15:01,,建设银行,161,440983.53,2739.028137
安徽省,滁州市全椒县周岗乡孤山站,全椒县孤峰商店,34110015,2014/2/25 15:16,,建设银行,304,418290.16,1375.954474
安徽省,滁州市南谯区汪郢乡大同圩站,石学翠百货店,34110016,2014/2/25 15:39,,建设银行,120,997190.6,8309.921667
河北省,邯郸市武安市磁山镇牛洼堡村,武安徘徊镇牛洼堡村,13040078,2014/2/25 0:00,,中国银行,264,3632280.2,13758.63712
安徽省,滁州市凤阳县石门山镇二十营,赵瑞维修店,34110017,2014/2/26 9:07,,建设银行,128,858603.6,6707.840625
安徽省,滁州市天长市金集镇芦柴站,程长元金融服务点,34110018,2014/2/26 9:20,,建设银行,120,1795872.4,14965.60333
安徽省,滁州市天长市十八集乡街西站,天长市杨村镇盛开俊食杂店,34110019,2014/2/26 9:33,,建设银行,347,2230090.2,6426.772911
安徽省,滁州市天长市新街乡李坡站,天长市李坡农事服务专业合作社,34110020,2014/2/26 9:46,,建设银行,408,1996037,4892.247549
河北省,邯郸市磁县磁州镇磁县磁州镇尹家桥村,磁县磁州镇尹家桥村,13040080,2014/3/5 21:50,2014/4/18 0:00,中国银行,306,1180525.2,3857.92549
河北省,沧州市青县陈嘴乡张二庄村,青县陈咀乡张二庄村,13090079,2014/3/6 0:00,,中国银行,244,2314705.8,9486.49918
河北省,张家口市怀来县桑园镇怀来县张官营村,怀来县桑园镇张官营村助农取款点姜桂禄,13070006,2014/3/9 0:00,,中国银行,308,1082089.1,3513.276299
河北省,张家口市怀来县桑园镇怀来县石门湾村,怀来石门湾助农取款点,13070007,2014/3/9 20:51,,中国银行,298,215941.16,724.634765
河北省,张家口市怀来县土木镇怀来县土木村,怀来县土木镇土木村,13070010,2014/3/11 0:00,,中国银行,215,805394.5,3746.02093
河北省,邯郸市磁县辛庄营乡北豆公村,磁县辛庄营乡北豆公村,13040084,2014/3/11 22:19,,中国银行,923,1971927.4,2136.432719
河北省,邯郸市肥乡县肥乡镇赵寨村,肥乡县肥乡镇赵寨村,13040085,2014/3/12 19:52,2014/3/13 0:00,中国银行,381,1044972.6,2742.710236
河北省,沧州市黄骅市旧城镇后仙庄,黄骅市旧城镇后仙庄村,13090080,2014/3/13 12:06,2014/3/14 0:00,中国银行,524,9612473,18344.41412
河北省,沧州市沧县杜生镇袁庄,沧县刘家庙乡大袁庄村,13090081,2014/3/14 0:00,,中国银行,191,10322745,54045.78534
河北省,邯郸市成安县成安镇东魏庄,成安县工业区东魏村,13040089,2014/3/19 9:17,2014/3/19 0:00,中国银行,366,1242596.9,3395.073497
河北省,张家口市怀来县桑园镇怀来县黄营村,怀来县桑园镇黄营村,13070011,2014/3/19 0:00,,中国银行,645,4439363.5,6882.734109
河北省,沧州市河间市行别营乡西庄村,河间市行e营乡西庄村,13090082,2014/3/21 1:16,2014/5/30 0:00,中国银行,251,1517788,6046.964143
河北省,沧州市青县盘古乡北柳村,青县盘古镇北柳村,13090083,2014/3/21 1:17,2014/3/26 0:00,中国银行,225,4198440,18659.73333
河北省,沧州市沧县旧州镇北关村,沧县旧州镇北关村,13090084,2014/3/21 1:18,,中国银行,282,2213221.2,7848.302128
河北省,沧州市南皮县刘八里乡刘显吾村,南皮县刘八里乡刘显吾村,13090085,2014/3/21 1:19,,中国银行,106,863907.1,8150.066981
河北省,沧州市任邱市莫州镇李广二村,任丘市莫州镇李广村,13090086,2014/3/21 0:00,,中国银行,41,1933008.6,47146.55122
河北省,沧州市任邱市北汉乡后桐梨村,任丘市北汉乡后桐梨村,13090090,2014/3/21 1:38,2014/4/23 0:00,中国银行,136,1378417.4,10135.42206
河北省,张家口市宣化区侯家庙乡宣化县二道岭村,宣化大西街支行助农取款点宣化县赵川镇二道岭村,13070012,2014/3/21 0:00,,中国银行,305,267051.8,875.579672
河北省,邯郸市永年县刘营乡后睢宁村,永年县刘营乡睢宁村,13040091,2014/3/21 20:48,,中国银行,175,1144997.9,6542.845143
河北省,邯郸市永年县界河店乡前曹庄村,永年县界河店乡曹庄村,13040093,2014/3/21 20:57,,中国银行,579,10838312,18719.019
河北省,邯郸市永年县刘营乡刘营村,永年县刘营乡刘营村,13040095,2014/3/21 20:58,,中国银行,385,2419717.5,6284.980519
河北省,张家口市万全县孔家庄镇万全县上营屯村,上营屯村助农服务点,13070013,2014/3/23 17:37,,中国银行,540,3642743.2,6745.820741
河北省,张家口市蔚县阳眷镇蔚县郑家窑村,蔚县阳眷镇郑家窑村,13070014,2014/3/23 17:46,,中国银行,51,611500.2,11990.2
河北省,张家口市蔚县吉家庄镇蔚县小辛柳村,蔚县吉家庄镇小辛柳村,13070016,2014/3/23 21:33,,中国银行,134,186228.06,1389.761642
河北省,沧州市河间市故仙乡西留庄村,河间市故仙镇西留庄,13090092,2014/3/23 22:56,2014/3/28 0:00,中国银行,610,18842810,30889.85246
河北省,石家庄市元氏县马村乡张掖村,元氏县马村乡张掖村,13010002,2014/3/24 13:35,2014/3/26 0:00,中国银行,605,14593297,24121.15207
河北省,石家庄市晋州市晋州镇十里铺村,晋州市城关镇十里铺村,13010003,2014/3/24 13:43,2014/4/9 0:00,中国银行,646,2725762.8,4219.447059
河北省,石家庄市平山县东回舍镇西回舍村,平山县回舍镇西回舍村,13010004,2014/3/24 13:48,2014/4/9 0:00,中国银行,400,1266272.6,3165.6815
河北省,石家庄市平山县平山镇南西焦村,平山县平山镇南西焦村,13010006,2014/3/24 14:08,2014/4/8 0:00,中国银行,350,1163363.6,3323.896
河北省,石家庄市元氏县马村乡聊村,元氏县马村乡聊村,13010007,2014/3/24 0:00,,中国银行,118,192,1.627119
河北省,石家庄市鹿泉市铜冶镇南故邑村,鹿泉铜冶镇南故邑村,13010009,2014/3/24 0:00,,中国银行,225,594082.56,2640.366933
河北省,石家庄市赵县北王里镇大琉璃村,赵县北王里镇大琉璃村,13010010,2014/3/24 14:53,2014/4/10 0:00,中国银行,497,6778735,13639.30584
河北省,石家庄市辛集市位伯镇百福村,辛集市位伯镇百福村,13010012,2014/3/24 0:00,,中国银行,537,2431422.2,4527.788082
河北省,石家庄市鹿泉市大河镇西邵营村,鹿泉大河乡邵营村,13010013,2014/3/24 0:00,,中国银行,267,2642952.5,9898.698502
河北省,石家庄市辛集市南智丘镇大车城村,辛集市南智邱镇大车城村,13010014,2014/3/24 0:00,,中国银行,194,1720672.6,8869.446392
河北省,石家庄市赵县沙河店镇东杨村,赵县沙河店镇东杨村,13010015,2014/3/24 15:51,2014/5/16 0:00,中国银行,334,3499750.8,10478.29581
河北省,石家庄市辛集市前营乡前位家村,辛集市前营乡前位家庄村,13010017,2014/3/24 16:00,2014/5/17 0:00,中国银行,599,6746240,11262.50417
河北省,石家庄市赵县前大章乡豆腐庄村,赵县前大章乡豆腐庄村,13010018,2014/3/24 16:50,2014/4/8 0:00,中国银行,626,5194818,8298.43131
河北省,邯郸市临漳县柳园镇柳园集,临漳县柳园镇柳园集,13040096,2014/3/24 16:56,2014/4/8 0:00,中国银行,909,11000593,12101.86249
河北省,石家庄市辛集市和睦井乡东理顺井村,辛集市和睦井乡东理顺井村,13010019,2014/3/24 0:00,,中国银行,282,1965451.8,6969.687234
河北省,石家庄市赵县高村乡疙瘩头村,赵县谢庄乡圪塔头村,13010020,2014/3/24 17:10,2014/4/26 0:00,中国银行,511,1907560.2,3732.994521
河北省,沧州市青县曹寺乡胡店子,青县曹寺镇胡店子村,13090098,2014/3/25 0:00,,中国银行,294,3265072.2,11105.68776
河北省,沧州市东光县龙王李乡龙王李村,东光县龙王李镇龙王李村,13090099,2014/3/25 0:50,2014/3/29 0:00,中国银行,887,4008056,4518.665163
河北省,沧州市河间市沙洼乡大黄务村,河间市沙洼乡大黄务村,13090100,2014/3/25 0:56,2014/4/28 0:00,中国银行,112,916176.94,8180.15125
河北省,沧州市海兴县小山乡张皮村,海兴县小山乡张皮村,13090101,2014/3/25 1:00,2014/4/11 0:00,中国银行,192,2066687.4,10763.99688
河北省,沧州市青县马厂镇旧张屯,青县马厂镇旧张屯,13090102,2014/3/25 10:17,2014/3/25 0:00,中国银行,124,1237085,9976.491935
河北省,沧州市任邱市麻家坞乡麻家坞三村,任丘市麻家坞镇麻家坞三村,13090104,2014/3/25 23:57,2014/3/26 0:00,中国银行,128,7043446,55026.92188
河北省,沧州市河间市米各庄镇北留路,河间市米各庄镇北留路东村,13090105,2014/3/26 0:17,,中国银行,204,2274502.5,11149.52206
河北省,石家庄市辛集市旧城镇旧城村,辛集市旧城镇旧城村,13010021,2014/3/26 0:00,,中国银行,545,4785925,8781.513761
河北省,石家庄市无极县东侯坊乡南池阳村,无极县东侯坊乡南池阳村助农点,13010024,2014/3/26 10:07,,中国银行,307,2312069,7531.169381
河北省,石家庄市无极县高头乡西高村,无极县高头乡西高村助农点,13010025,2014/3/26 10:26,,中国银行,194,3154021.8,16257.84433
河北省,石家庄市无极县七汲镇东小镇村,无极县七汲镇东小镇村助农点,13010026,2014/3/26 10:29,,中国银行,421,5533362.5,13143.37886
河北省,石家庄市无极县七汲镇东汉村,无极县七汲镇东汉村助农点,13010027,2014/3/26 10:34,,中国银行,367,2144228.2,5842.583651
河北省,石家庄市正定县西平乐乡正民庄,正定县西平乐乡正民庄村,13010028,2014/3/26 0:00,,中国银行,627,8331398,13287.71611
河北省,石家庄市正定县新城铺镇东平乐,正定县新城铺镇东平乐村,13010030,2014/3/26 0:00,,中国银行,317,4192812.2,13226.53691
河北省,石家庄市元氏县因村镇院家村,元氏县殷村镇院家村,13010031,2014/3/26 11:02,2014/4/29 0:00,中国银行,224,1408963.6,6290.016071
河北省,石家庄市正定县南牛乡西杨庄村,正定县南牛乡西杨庄村,13010032,2014/3/26 0:00,,中国银行,559,5498087,9835.576029
河北省,石家庄市深泽县白庄乡小堡村,深泽县白庄乡小堡村,13010033,2014/3/26 11:10,2014/4/26 0:00,中国银行,222,23284492,104885.0991
河北省,石家庄市鹿泉市大河镇中落凌村,鹿泉大河乡中落凌村,13010035,2014/3/26 0:00,,中国银行,306,3503268,11448.58824
河北省,石家庄市深泽县桥头乡耿庄村,深泽县桥头乡耿庄村,13010036,2014/3/26 11:28,,中国银行,453,4602135.5,10159.23951
河北省,石家庄市晋州市马于镇吕家庄,晋州市马于镇吕家庄村,13010037,2014/3/26 11:39,2014/5/9 0:00,中国银行,317,1479334.1,4666.669085
河北省,石家庄市鹿泉市上寨乡北寨村,鹿泉区上寨乡北寨村,13010038,2014/3/26 11:42,,中国银行,535,2272898.2,4248.40785
河北省,石家庄市藁城市小常安镇里庄村,藁城区常安镇里庄村,13010039,2014/3/26 11:45,2014/5/30 0:00,中国银行,564,941073.56,1668.570142
河北省,石家庄市赵县谢庄乡各南村,赵县谢庄乡各南村,13010040,2014/3/26 11:53,2014/4/11 0:00,中国银行,234,1058997.1,4525.628632
河北省,石家庄市藁城市小常安镇永安村,藁城区常安镇永安村,13010041,2014/3/26 11:58,2014/4/18 0:00,中国银行,467,4939974,10578.10278
河北省,石家庄市辛集市张古庄镇中王庄村,辛集市张古庄镇中王庄村,13010042,2014/3/26 0:00,,中国银行,222,1816946.6,8184.444144
河北省,张家口市万全县孔家庄镇万全县义兴堡村,万全支行义兴堡村助农服务点,13070020,2014/3/26 19:31,,中国银行,657,4095028.5,6232.920091
河北省,沧州市南皮县鲍官屯镇鲍官屯,南皮县鲍官屯镇鲍官屯村,13090107,2014/3/27 10:01,2014/3/19 0:00,中国银行,235,2211797.8,9411.905532
河北省,沧州市青县清州镇八里庄,青县清州镇八里庄村,13090108,2014/3/28 0:00,,中国银行,394,3086207.2,7833.013198
河北省,张家口市怀来县狼山乡怀来县六街村,怀来狼山乡六街村助农取款点,13070021,2014/3/28 21:30,,中国银行,0,0,\N
河北省,张家口市怀来县东花园镇怀来县达子营村,怀来县东花园镇达子营村助农取款点刘桂喜,13070022,2014/3/28 0:00,,中国银行,268,5010476.5,18695.80784
河北省,沧州市吴桥县于集镇于西村,吴桥县于集镇于西村,13090109,2014/3/29 10:10,2014/3/29 0:00,中国银行,519,3311464,6380.470135
河北省,沧州市黄骅市滕庄子乡后唐村,黄骅市南排河镇唐家堡,13090110,2014/3/30 14:37,2014/3/18 0:00,中国银行,610,8316309,13633.29344
河北省,张家口市怀来县西八里镇水泉村,怀来县西八里镇西水泉村,13070023,2014/3/31 0:00,,中国银行,389,5157176.5,13257.52314
河北省,张家口市宣化区河子西乡宣化县水泉村,宣化县崞村镇水泉村助农服务点,13070024,2014/3/31 21:55,,中国银行,104,258240.17,2483.078558
河北省,衡水市枣强县枣强镇枣强镇邢枣林村,枣强镇邢枣林村,13110152,2014/4/1 10:10,2014/4/1 0:00,中国银行,163,774293.6,4750.267485
河北省,石家庄市赵县北王里镇吴贾村,赵县北王里镇吴贾村,13010044,2014/4/1 10:39,2014/5/25 0:00,中国银行,475,2500181.5,5263.54
河北省,石家庄市辛集市新垒头镇王家庄,辛集市新垒头乡王家庄村,13010045,2014/4/1 0:00,,中国银行,384,13041534,33962.32813
河北省,石家庄市辛集市新垒头镇北小陈,辛集市新垒头乡北小陈村,13010046,2014/4/1 0:00,,中国银行,375,5606299.5,14950.132
河北省,沧州市沧县高川乡沧县东马坦,沧县高川乡东马坦村,13090111,2014/4/1 0:00,,中国银行,195,1893626.1,9710.903077
河北省,邯郸市峰峰矿区大峪镇南大欲村,峰峰矿区大峪镇南大峪,13040100,2014/4/2 22:30,2014/5/30 0:00,中国银行,530,3725497,7029.239623
河北省,石家庄市辛集市马庄乡辛村,辛集市马庄乡辛村,13010047,2014/4/4 10:11,2014/5/15 0:00,中国银行,295,2898263.2,9824.621017
河北省,石家庄市平山县南甸镇坡头村,平山南甸镇坡头村,13010048,2014/4/4 10:30,,中国银行,245,1499343.9,6119.77102
河北省,石家庄市晋州市槐树镇祁底村,晋州市槐树镇祁底村,13010049,2014/4/4 10:38,2014/4/22 0:00,中国银行,297,1393866.2,4693.152189
河北省,石家庄市晋州市槐树镇龙泉固村,晋州市槐树镇龙泉固村,13010050,2014/4/4 10:49,2014/4/28 0:00,中国银行,323,1332030.9,4123.934675
河北省,石家庄市晋州市小樵镇田村,晋州市小樵镇田村助农点,13010051,2014/4/4 10:54,2014/5/23 0:00,中国银行,214,2702571.8,12628.84019
河北省,石家庄市平山县东回舍镇北水村,平山县回舍镇北水村,13010052,2014/4/4 10:58,,中国银行,136,176076.8,1294.682353
河北省,石家庄市平山县岗南镇西岗南,平山县岗南镇西岗南村,13010053,2014/4/4 11:03,,中国银行,611,5887639,9636.070376
河北省,张家口市下花园区花园乡下花园区孟家坟,下花园区花园乡孟家坟村,13070026,2014/4/4 20:04,,中国银行,174,278782.9,1602.200575
河北省,石家庄市正定县新城铺镇小邯村,正定县新城铺镇小邯村,13010055,2014/4/8 0:00,,中国银行,313,5964441,19055.72205
河北省,石家庄市井陉县吴家窑乡吴家窑,井陉吴家窑乡吴家窑村,13010056,2014/4/10 11:41,2014/5/20 0:00,中国银行,245,3818826.5,15587.04694
河北省,沧州市献县乐寿镇郭庄村,献县郭庄镇大郭庄村,13090113,2014/4/11 9:31,2014/4/11 0:00,中国银行,157,88905.32,566.275924
河北省,沧州市任邱市议论堡乡东大务村,任丘市议论堡乡东大坞村,13090114,2014/4/12 15:11,2014/5/20 0:00,中国银行,111,653819.75,5890.268018
河北省,石家庄市赵县北王里镇黄市村,赵县北王里镇黄市村,13010058,2014/4/14 9:47,2014/3/28 0:00,中国银行,274,6472686,23622.94161
河北省,张家口市万全县郭磊庄镇万全县阳门堡村,万全县阳门堡村助农服务点,13070028,2014/4/15 20:24,,中国银行,470,703573.44,1496.964766
河北省,张家口市万全县安家堡乡万全县邹家庄村,万全县邹家庄村助农服务点,13070029,2014/4/15 20:37,,中国银行,458,2033632.6,4440.245852
河北省,石家庄市平山县平山镇王母村,平山县平山镇王母村,13010059,2014/4/16 10:42,,中国银行,134,845987.75,6313.341418
河北省,沧州市沧县大官厅乡大鹅庄,沧县大官厅乡大鹅庄村,13090115,2014/4/17 0:00,,中国银行,281,1086977.6,3868.247687
河北省,沧州市黄骅市南排河镇歧口村,黄骅市南排河镇歧口村,13090116,2014/4/17 0:00,,中国银行,562,6448733.5,11474.61477
河北省,石家庄市平山县西大吾乡田兴村,平山县大吾乡田兴村,13010060,2014/4/17 9:43,,中国银行,348,1399290.1,4020.948563
河北省,沧州市河间市故仙乡东羊庄,河间市故仙镇东羊庄,13090117,2014/4/17 11:30,2014/3/28 0:00,中国银行,409,1886600.1,4612.714181
河北省,衡水市安平县安平镇西王庄村,安平镇西王庄村,13110153,2014/4/17 16:50,2014/5/14 0:00,中国银行,222,2649119.5,11932.97072
河北省,张家口市下花园区花园乡下花园区上花园村,下花园区花园乡上花园村,13070032,2014/4/17 20:36,,中国银行,494,1016200.3,2057.085628
河北省,石家庄市鹿泉市大河镇城东桥,鹿泉区大河镇城东桥村,13010061,2014/4/21 13:44,2013/8/1 0:00,中国银行,476,3982281.2,8366.136975
河北省,沧州市沧县汪家铺乡孙佛庄,沧县汪家铺乡孙佛庄村,13090118,2014/4/21 23:12,2014/1/12 0:00,中国银行,225,3822577,16989.23111
河北省,石家庄市元氏县苏阳乡沟北村,元氏县苏阳乡沟北村,13010062,2014/4/22 8:57,,中国银行,337,6258183.5,18570.27745
河北省,邯郸市邯郸县康庄乡东望庄村,邯郸县康庄乡东望庄,13040107,2014/4/23 16:01,2014/4/18 0:00,中国银行,216,1241939.6,5749.72037
河北省,衡水市安平县马店镇马店镇朱庄村,衡水市安平县马店镇朱家庄村,13110154,2014/4/23 16:11,2014/4/24 0:00,中国银行,0,0,\N
河北省,衡水市安平县程油子乡北牛具村,油子乡北牛具村,13110155,2014/4/25 10:52,2014/4/25 0:00,中国银行,230,931699.44,4050.86713
河北省,沧州市献县十五级乡八章村,献县十五级乡八章村,13090120,2014/4/25 15:23,,中国银行,256,1993407.1,7786.746484
河北省,沧州市河间市行别营乡前各庄,河间市行别营乡前各庄村,13090121,2014/4/25 15:39,2014/5/30 0:00,中国银行,246,1915966.5,7788.481707
河北省,沧州市河间市兴村乡西张庄村,河间市兴村镇西张庄村,13090122,2014/4/25 15:53,,中国银行,109,158216.56,1451.528073
河北省,沧州市沧县姚官屯乡前李寨村,沧县姚官屯乡前李寨村,13090123,2014/4/25 16:09,,中国银行,399,1524309.1,3820.323559
河北省,沧州市吴桥县于集镇沙窝郑村,吴桥县于集镇沙窝郑村,13090125,2014/4/25 16:49,,中国银行,359,4258684,11862.62953
河北省,沧州市河间市沙河桥镇张王留欢村,河间市沙河桥镇张王留欢村,13090127,2014/4/26 17:27,,中国银行,135,1350120.6,10000.89333
河北省,邯郸市临漳县孙陶集镇孟村,临漳县孙陶镇集孟村,13040108,2014/4/28 8:26,2014/4/30 0:00,中国银行,888,3258786,3669.804054
河北省,邢台市威县贺钊乡郭牛村,威县贺钊乡郭牛村,13050001,2014/4/28 18:30,,中国银行,216,2724813.8,12614.8787
河北省,石家庄市赵县沙河店镇中冯村,赵县沙河店镇中冯村,13010064,2014/4/30 11:07,,中国银行,387,2055728.2,5311.959173
河北省,石家庄市赵县前大章乡王家庄村,赵县前大章乡王家庄村,13010065,2014/4/30 11:13,2014/5/27 0:00,中国银行,586,3123252,5329.78157
河北省,衡水市安平县南王庄镇谷家左村,南王庄镇谷家左村,13110156,2014/5/4 11:09,2014/5/4 0:00,中国银行,338,1291164.2,3820.012426
河北省,邢台市沙河市白塔镇栾卸村,沙河市白塔镇栾卸村,13050003,2014/5/6 8:53,2014/5/26 0:00,中国银行,292,4779299,16367.46233
河北省,张家口市怀来县王家楼回族乡怀来县王家楼村,怀来王家楼回族乡王家楼,13070034,2014/5/7 14:41,,中国银行,275,2548401,9266.912727
安徽省,滁州市全椒县二郎口镇太平村,全椒太平虎旺便利店,34110021,2014/5/8 10:40,,建设银行,0,0,\N
河北省,邯郸市磁县岳城镇界段营村,磁县岳城镇界段营村,13040112,2014/5/13 19:16,,中国银行,1170,1375319.4,1175.486667
河北省,沧州市盐山县盐山镇范庄,盐山县范庄村,13090129,2014/5/15 16:23,2014/4/28 0:00,中国银行,182,2710881.5,14894.9533
河北省,唐山市古冶区王辇庄乡王辇庄二街村,古冶区王辇庄二街村,13020001,2014/5/16 9:55,2013/4/1 0:00,中国银行,111,5317163,47902.36937
河北省,唐山市古冶区卑家店乡海子沿,古冶海子沿村,13020002,2014/5/16 10:01,2013/4/1 0:00,中国银行,164,1214796.1,7407.293293
河北省,唐山市古冶区习家套乡古冶大市场,古冶区横河村,13020003,2014/5/16 10:11,,中国银行,1483,1058845.2,713.988672
河北省,衡水市安平县大子文乡马江村,大子文乡马江村,13110157,2014/5/16 16:07,2014/5/21 0:00,中国银行,171,2219497.8,12979.5193
河北省,衡水市安平县马店镇付各庄村,马店镇付各庄村,13110159,2014/5/16 16:23,,中国银行,93,234481.56,2521.307097
河北省,衡水市安平县马店镇香管村,马店镇香管村,13110161,2014/5/16 16:35,,中国银行,35,128327.62,3666.503429
河北省,衡水市安平县大子文乡义里村,大子文乡义里村,13110162,2014/5/16 17:06,,中国银行,334,1735224.8,5195.283832
河北省,衡水市安平县大何庄乡西羽林村,大何庄乡西羽林村,13110163,2014/5/16 17:22,,中国银行,215,1411728.9,6566.18093
河北省,衡水市阜城县漫河乡东韩村,衡水阜城东韩村,13110164,2014/5/16 0:00,,中国银行,248,1873141.8,7552.991129
河北省,衡水市武强县豆村乡西岔河村,衡水武强县豆村乡西岔河村,13110165,2014/5/16 18:06,,中国银行,104,757190.25,7280.675481
河北省,衡水市武强县周家窝乡刘厂村,衡水武强县周窝镇刘厂村,13110166,2014/5/16 18:18,,中国银行,385,3310788,8599.449351
河北省,衡水市武强县街关镇大郭庄村,衡水武强县街关镇大郭庄村,13110167,2014/5/16 18:27,,中国银行,142,1436663.8,10117.3507
河北省,衡水市桃城区赵家圈镇贡家台村,深州市前磨头镇贡家台村,13110168,2014/5/16 18:55,2014/5/27 0:00,中国银行,333,2576864.5,7738.331832
河北省,衡水市饶阳县五公镇南马村,饶阳县五公镇南马村,13110169,2014/5/16 19:00,,中国银行,167,1767502.2,10583.84551
河北省,衡水市深州市大屯乡大屯镇后屯,大屯镇后屯,13110171,2014/5/16 19:22,,中国银行,197,2121900,10771.06599
河北省,衡水市深州市魏桥镇魏桥镇河兰井,魏桥镇河兰井,13110172,2014/5/16 19:28,2014/2/25 0:00,中国银行,315,4538786,14408.84444
河北省,衡水市深州市兵曹乡乔辛庄村,兵曹乡乔辛庄,13110173,2014/5/16 19:39,,中国银行,426,7693586,18060.06103
河北省,衡水市深州市穆村乡石像村,穆村乡石像村,13110174,2014/5/16 19:48,,中国银行,290,2011894.2,6937.566207
河北省,衡水市武强县周家窝乡周窝,衡水武强县周窝镇周窝村,13110175,2014/5/16 19:53,,中国银行,656,6342833,9668.952744
河北省,衡水市深州市穆村乡穆村乡西马庄,穆村乡西马庄,13110176,2014/5/16 19:58,,中国银行,353,3921140,11108.04533
河北省,石家庄市辛集市和睦井乡双柳树村,辛集市和睦井乡双柳树村,13010067,2014/5/17 8:39,2014/5/30 0:00,中国银行,346,2929322.2,8466.249133
河北省,石家庄市辛集市田家庄乡试炮营村,辛集市田家庄乡试炮营村,13010068,2014/5/17 8:51,,中国银行,374,5889430,15747.13904
河北省,石家庄市晋州市小樵镇小樵村,晋州市小樵镇小樵村,13010069,2014/5/17 9:00,2014/5/27 0:00,中国银行,175,764578.6,4369.020571
河北省,石家庄市无极县七汲镇西汉村,无极县七汲镇西汉村助农点,13010071,2014/5/17 9:19,,中国银行,197,481509.4,2444.210152
河北省,邯郸市魏县双井镇双井村,魏县双井镇董圈村,13040115,2014/5/18 9:36,2014/5/18 0:00,中国银行,257,317218.25,1234.312257
河北省,石家庄市井陉县上安镇白王庄村,井陉上安镇白王庄村,13010073,2014/5/21 10:02,,中国银行,751,2536546,3377.557923
河北省,沧州市青县金牛镇打虎庄村,青县金牛镇打虎庄村,13090133,2014/5/22 23:24,2014/3/11 0:00,中国银行,187,1433385.9,7665.165241
河北省,沧州市河间市尊祖庄乡高王化村,河间市尊祖庄乡高王化村,13090134,2014/5/22 23:26,2014/3/19 0:00,中国银行,269,2154023.8,8007.52342
河北省,沧州市河间市黎民居乡李召庄村,河间市黎民居乡李召庄村,13090135,2014/5/22 23:38,,中国银行,119,3673756.5,30871.90336
河北省,沧州市沧县崔尔庄镇北村,沧州市杜林镇杜林北街,13090136,2014/5/22 0:00,,中国银行,247,2051320.1,8304.939676
河北省,张家口市万全县洗马林镇万全县洗马林镇,万全县洗马林镇洗马林村,13070037,2014/5/23 11:36,,中国银行,461,3460716,7506.976139
河北省,张家口市蔚县代王城镇蔚县代王城镇富家堡村,蔚县代王城镇富家堡村,13070038,2014/5/23 11:59,,中国银行,96,51588.51,537.380313
贵州省,贵阳市白云区艳山红镇程官村,程官村,52010001,2014/5/24 16:20,2014/12/25 0:00,贵阳银行,0,0,\N
河北省,沧州市黄骅市羊二庄回族乡八里庄村,黄骅市羊二庄镇八里庄村,13090140,2014/5/24 0:00,,中国银行,717,6344630,8848.856346
河北省,邯郸市磁县岳城镇岳城村,磁县岳城镇岳城村,13040117,2014/5/27 20:49,2014/6/27 0:00,中国银行,148,3056015.8,20648.75541
河北省,沧州市吴桥县梁集镇北徐王村,吴桥县梁集镇北徐王村,13090142,2014/5/28 15:46,2014/6/3 0:00,中国银行,441,2017250.9,4574.265079
河北省,承德市围场满族蒙古族自治县龙头山乡大字村,围场县龙头山乡大字村(金融）,13080002,2014/5/29 10:27,2014/5/2 0:00,中国银行,178,2893909.5,16257.91854
河北省,唐山市迁西县三屯营镇西龙湾村,迁西三屯西龙湾村,13020008,2014/5/29 10:46,2014/5/30 0:00,中国银行,369,2653243,7190.360434
河北省,衡水市桃城区大麻森乡花园村,麻森乡花园村,13110179,2014/6/3 17:12,2014/6/5 0:00,中国银行,258,1474463.1,5714.973256
河北省,衡水市深州市大堤镇北尚庄村,大屯镇北尚庄,13110180,2014/6/4 18:55,,中国银行,331,7464180.5,22550.39426
河北省,承德市宽城满族自治县峪耳崖镇双洞子,宽城县峪耳崖镇双洞子村,13080004,2014/6/4 22:01,2014/6/17 0:00,中国银行,237,455222.66,1920.770717
河北省,衡水市冀州市西王镇五分村,西王镇五分村,13110181,2014/6/4 23:20,,中国银行,247,1489305.2,6029.575709
河北省,衡水市桃城区郑家河沿镇三杜庄村,河沿镇三杜庄村,13110182,2014/6/5 22:03,2014/6/6 0:00,中国银行,339,3376232.8,9959.388791
河北省,石家庄市辛集市新垒头镇摇头村,辛集市新垒头乡摇头村,13010074,2014/6/7 0:00,,中国银行,173,4646236.5,26856.85838
河北省,沧州市吴桥县桑园镇林庄,任丘市林庄村,13090143,2014/6/7 13:36,,中国银行,489,8640252,17669.22699
河北省,张家口市怀来县沙城镇怀来县东水泉村,怀来县沙城镇东水泉村,13070039,2014/6/8 0:00,,中国银行,424,2267140.8,5347.030189
河北省,承德市隆化县韩麻营镇北沟村,隆化县韩麻营镇北沟村,13080005,2014/6/9 0:00,,中国银行,223,8149258.5,36543.76009
河北省,沧州市南皮县冯家口镇冯家口村,南皮县冯家口镇冯家口村,13090144,2014/6/9 16:46,,中国银行,218,3349103,15362.8578
河北省,衡水市桃城区衡水高新技术产业开发区衡水市桃城区志平日用百货商店,衡水市桃城区志平日用百货商店,13110184,2014/6/11 17:32,,中国银行,250,1221305.5,4885.222
河北省,衡水市武邑县韩庄镇东粉张村,韩庄镇东粉张村,13110185,2014/6/11 20:20,,中国银行,135,681876.94,5050.940296
河北省,沧州市河间市沙洼乡五家务村,河间市沙洼乡五家务村,13090145,2014/6/17 21:19,2014/3/11 0:00,中国银行,69,7554989,109492.5942
河北省,承德市平泉县党坝镇党坝村,平泉县党坝镇党坝村,13080006,2014/6/17 22:40,,中国银行,178,1280632.2,7194.562921
河北省,唐山市丰南区南孙庄乡薛家,唐山市丰南区南孙庄乡薛家村,13020010,2014/6/19 10:55,,中国银行,0,0,\N
河北省,承德市兴隆县蘑菇峪乡宋杖子,兴隆县蘑菇峪乡宋杖子村,13080008,2014/6/20 0:10,2014/10/17 0:00,中国银行,195,1464182.6,7508.628718
河北省,衡水市桃城区郑家河沿镇北沼村,桃城区郑家河沿镇北沼村,13110186,2014/6/20 18:46,,中国银行,100,3173664.8,31736.648
河北省,张家口市蔚县代王城镇蔚县代王城镇,代王城镇便民服务中心,13070041,2014/6/21 17:26,,中国银行,53,537338.94,10138.47057
河北省,张家口市万全县郭磊庄镇万全县丰胜庄村,万全县郭磊庄镇丰胜庄村,13070043,2014/6/21 18:05,,中国银行,485,4509683.5,9298.316495
河北省,衡水市安平县东黄城乡西候疃村,东黄城乡西侯疃村,13110187,2014/6/23 10:02,2014/6/23 0:00,中国银行,139,3673122.2,26425.33957
河北省,承德市兴隆县六道河镇二道河,兴隆县六道河镇二道河村安营寨,13080011,2014/6/23 12:33,2014/7/4 0:00,中国银行,241,12188346,50574.04979
河北省,承德市双滦区双塔山镇烧锅村,双滦区西地满族乡烧锅村,13080014,2014/6/23 12:53,,中国银行,318,2287590,7193.679245
河北省,承德市双滦区偏桥子镇前营子村,双滦区偏桥子镇前营子村,13080015,2014/6/23 12:55,2014/8/1 0:00,中国银行,157,469281.94,2989.056943
河北省,承德市兴隆县蘑菇峪乡宽甸村,兴隆县蘑菇峪乡宽店村,13080016,2014/6/23 23:35,2014/10/17 0:00,中国银行,229,3116712.2,13610.09694
河北省,承德市滦平县张百湾镇偏道子村,滦平县张百湾镇偏道子村,13080017,2014/6/25 22:02,2014/8/4 0:00,中国银行,291,1085178.1,3729.134364
河北省,承德市隆化县汤头沟镇小汤头沟村,隆化县汤头沟镇小汤头沟村,13080019,2014/6/25 22:10,,中国银行,90,1147077.2,12745.30222
河北省,承德市平泉县卧龙镇沙坨子,平泉县卧龙镇沙坨子村,13080020,2014/6/25 22:16,,中国银行,215,698697.5,3249.755814
河北省,承德市承德县上板城镇老爷庙村,高新区上板城镇老爷庙村,13080021,2014/6/25 22:19,2014/7/27 0:00,中国银行,352,1718892.1,4883.216193
河北省,承德市承德县高寺台镇东营村,高新区冯营子镇东营村,13080023,2014/6/25 0:00,,中国银行,232,4264402.5,18381.04526
河北省,邯郸市邯郸县尚璧镇西孙庄,邯郸县尚璧镇西孙庄村,13040122,2014/6/26 13:42,,中国银行,376,5414040.5,14399.04388
河北省,张家口市怀来县狼山乡怀来县奚家堡村,怀来县狼山乡奚家堡村助农取款点王殿霞,13070044,2014/6/26 0:00,,中国银行,209,206600.53,988.519282
河北省,张家口市怀来县北辛堡镇怀来县方家冲村,怀来县北辛堡镇方家冲村助农取款点解建国,13070045,2014/6/26 0:00,,中国银行,172,2470162.5,14361.40988
河北省,邯郸市永年县东杨庄乡茹佐村,永年县东杨庄乡茹佐村,13040125,2014/6/29 13:11,,中国银行,327,2181102.5,6670.038226
河北省,衡水市安平县东黄城乡台城村,黄城乡台城村,13110189,2014/6/30 8:33,,中国银行,411,4530299,11022.6253
河北省,承德市双滦区偏桥子镇偏桥子村,双滦区偏桥子镇偏桥子村,13080024,2014/6/30 17:53,2014/8/21 0:00,中国银行,361,4912469.5,13607.94875
贵州省,贵阳市清镇市红枫湖镇芦荻哨村,芦荻哨村,52010002,2014/7/1 11:55,2014/6/30 0:00,贵阳银行,0,0,\N
河北省,衡水市景县龙华镇南文柯村,景县龙华镇南文柯村,13110190,2014/7/2 17:45,,中国银行,633,1537153.9,2428.363191
河北省,唐山市滦县古马镇南张庄子村,滦县古马镇南张庄子村,13020011,2014/7/4 11:14,2014/7/4 0:00,中国银行,233,7733030,33188.96996
河北省,衡水市深州市兵曹乡邵浦村,兵曹乡邵甫村,13110191,2014/7/7 18:10,,中国银行,302,1918387.9,6352.277815
河北省,衡水市冀州市南午村镇西古头村,南午村镇西古头村,13110192,2014/7/7 18:19,,中国银行,312,3865381.8,12389.04423
河北省,邯郸市成安县商城镇何横城村,成安县商城镇何横城村,13040126,2014/7/9 10:02,,中国银行,397,1363523.6,3434.568262
河北省,唐山市滦县王店子镇研山新村,滦县响堂新村,13020012,2014/7/10 10:59,2014/7/10 0:00,中国银行,721,6514467.5,9035.322469
河北省,沧州市海兴县小山乡海兴县小山乡付庄子村,海兴县小山乡付庄子村,13090146,2014/7/10 15:35,,中国银行,133,794846.44,5976.289023
河北省,衡水市饶阳县王同岳乡杨池村,饶阳县同岳乡杨池村,13110194,2014/7/12 14:30,,中国银行,30,993788.6,33126.28667
河北省,沧州市河间市尊祖庄乡杨营村,河间市尊祖庄乡杨营村,13090147,2014/7/13 13:16,,中国银行,480,1731284.4,3606.8425
河北省,秦皇岛市青龙满族自治县青龙镇青龙县逃军山村,青龙县逃军山村,13030001,2014/7/14 14:14,,中国银行,302,9216749,30519.03642
河北省,衡水市安平县大何庄乡杨各庄村,大何庄乡杨各庄村,13110195,2014/7/14 22:22,2014/7/15 0:00,中国银行,62,210745.3,3399.117742
贵州省,贵阳市白云区艳山红镇茶饭村,茶饭村,52010003,2014/7/16 9:47,2014/8/18 0:00,贵阳银行,0,0,\N
贵州省,安顺市平坝县羊昌布依族苗族乡云头村,云平坝县云头村,52040001,2014/7/16 0:00,,平坝鼎立村镇银行,0,0,\N
河北省,唐山市遵化市刘备寨乡科道屯,遵化市刘备寨乡科道屯村,13020014,2014/7/17 8:00,,中国银行,166,5617283.5,33839.05723
河北省,唐山市丰润区石各庄镇三女河,空港城高新区三女河村,13020015,2014/7/21 10:43,,中国银行,436,2403162.8,5511.841284
河北省,唐山市丰润区丰润镇高各庄,丰润区丰润镇高各庄,13020016,2014/7/21 22:58,,中国银行,260,4303505,16551.94231
河北省,唐山市丰润区丰润镇压库山村,丰润区丰润镇压库山村,13020017,2014/7/21 23:01,2014/7/22 0:00,中国银行,358,6021219,16819.04749
河北省,唐山市玉田县大安镇大庞各庄村,玉田县大安镇大庞各庄村,13020018,2014/7/22 20:06,,中国银行,616,4979934,8084.308442
河北省,唐山市玉田县玉田镇碱厂村,玉田县陈家铺乡碱场村,13020019,2014/7/22 20:07,,中国银行,566,5581092,9860.586572
河北省,衡水市饶阳县东里满乡张各庄村,饶阳县东里满乡张各庄村,13110196,2014/7/23 10:02,,中国银行,161,300427.12,1866.006957
河北省,唐山市迁安市迁安镇三李庄村,迁安市迁安镇三李庄村,13020021,2014/7/23 10:03,2014/7/23 0:00,中国银行,189,1920135.1,10159.44497
贵州省,贵阳市清镇市麦格苗族布依族乡长冲村,长冲村,52010004,2014/7/24 9:09,2014/10/28 0:00,贵阳银行,0,0,\N
河北省,衡水市枣强县枣强镇枣强县枣强镇杜烟村,枣强县枣强镇杜烟村,13110197,2014/7/24 0:00,,中国银行,1554,2122448.8,1365.797169
河北省,承德市承德县上板城镇白河南村,高新区上板城镇白河南村,13080025,2014/7/24 22:00,2014/8/13 0:00,中国银行,532,3874139,7282.216165
河北省,张家口市万全县北沙城乡万全县岸庄屯村,北沙城乡岸庄屯村,13070047,2014/7/25 15:12,,中国银行,391,1974193.1,5049.087212
河北省,张家口市万全县安家堡乡万全县第七屯,万全县安家堡乡第七屯村,13070049,2014/7/25 15:46,,中国银行,235,323008.12,1374.502638
河北省,唐山市迁西县新集镇一村,迁西县太平寨一村,13020022,2014/7/25 23:00,,中国银行,175,653270.1,3732.972
河北省,唐山市丰润区任各庄镇后泥河村,丰润区任各庄镇后泥河村,13020024,2014/7/27 22:47,,中国银行,244,2757883,11302.79918
河北省,唐山市丰润区白官屯镇田富庄,丰润区白官屯镇田富庄村,13020027,2014/7/27 22:58,,中国银行,238,1531450.2,6434.664706
河北省,唐山市丰润区丰润镇芦各庄,丰润区丰润镇芦各庄,13020028,2014/7/27 23:00,,中国银行,171,2423646.8,14173.3731
河北省,唐山市丰润区白官屯镇史庄子,丰润区白官屯镇史庄子村,13020029,2014/7/27 23:04,,中国银行,337,3923083,11641.19585
河北省,张家口市宣化区庞家堡镇宣化县梅家营村,宣化县大仓盖镇梅家营村,13070050,2014/7/28 0:00,,中国银行,194,736123,3794.448454
河北省,唐山市丰润区老庄子镇瓦房庄,高新技术开发区老庄子镇瓦房庄村,13020030,2014/7/28 0:00,,中国银行,0,0,\N
河北省,唐山市遵化市候家寨乡前后杖子村,遵化市侯家寨乡前后杖子村,13020031,2014/7/28 19:28,,中国银行,385,1382954.1,3592.088571
河北省,衡水市深州市深州镇利仁村,深州镇利仁村,13110198,2014/7/28 21:43,,中国银行,329,1878948.1,5711.08845
河北省,衡水市桃城区大麻森乡河沿村,河沿镇河沿村,13110199,2014/7/28 0:00,,中国银行,327,4671155.5,14284.87921
河北省,衡水市武邑县肖桥头镇大白塔村,桥头镇大白塔村,13110200,2014/7/28 21:58,,中国银行,245,978509.44,3993.916082
河北省,衡水市武邑县清凉店镇李周村,武邑县清凉店镇李周村,13110203,2014/7/28 22:10,,中国银行,127,326279.75,2569.13189
河北省,承德市双滦区双塔山镇周台子村,双滦区张百湾镇周台子村,13080028,2014/7/28 23:26,2014/8/13 0:00,中国银行,1426,3980737,2791.540673
河北省,沧州市青县金牛镇大勃鸽留村,青县金牛镇大勃鸽留村,13090148,2014/7/29 13:36,,中国银行,340,1923775.5,5658.163235
贵州省,贵阳市白云区牛场布依族乡石头村,石头村,52010005,2014/7/29 15:55,2014/9/11 0:00,贵阳银行,0,0,\N
河北省,承德市丰宁满族自治县凤山镇朱首营村,丰宁满族自治县凤山镇朱首营村,13080029,2014/7/29 23:14,,中国银行,334,1014651.06,3037.877425
河北省,承德市隆化县八达营蒙古族乡下牛录村,隆化县八达营乡下牛录村,13080031,2014/7/29 23:40,2014/9/5 0:00,中国银行,191,2482435.8,12997.04607
河北省,承德市隆化县蓝旗镇黑山嘴村,隆化县蓝旗镇黑山嘴村,13080032,2014/7/29 0:00,,中国银行,195,1016334.44,5211.971487
河北省,承德市隆化县蓝旗镇北窝铺村,隆化县蓝旗镇北窝铺村,13080033,2014/7/29 23:45,,中国银行,202,1121290.6,5550.943564
河北省,衡水市武强县街关镇东南街村,衡水武强县街关镇东南街村,13110205,2014/7/30 18:27,2014/8/1 0:00,中国银行,1027,6812810,6633.700097
河北省,衡水市武强县武强镇马头村,衡水武强县武强镇马头村,13110206,2014/7/30 18:34,,中国银行,358,585969.4,1636.786034
河北省,唐山市迁安市蔡园镇北屯,迁安市蔡园镇北屯村,13020032,2014/7/31 10:13,2014/7/31 0:00,中国银行,229,1416491.1,6185.550655
河北省,沧州市沧县大褚村回族乡沧县大褚村乡何陈庄村,沧县大褚村乡何陈庄村,13090149,2014/7/31 0:00,,中国银行,173,9364425,54129.62428
河北省,沧州市沧县杜生镇沧县杜生镇,沧县杜生镇杜乜村,13090150,2014/8/1 0:00,,中国银行,133,1404454.8,10559.81053
河北省,唐山市滦县雷庄镇雷庄,滦县雷庄镇雷庄村,13020033,2014/8/1 10:06,2014/8/1 0:00,中国银行,269,274759.6,1021.411152
河北省,石家庄市赵县前大章乡史家庄,赵县前大章乡史家庄村,13010075,2014/8/1 13:56,2014/8/1 0:00,中国银行,504,3674875.5,7291.419643
河北省,唐山市迁安市杨各庄镇森罗寨,迁安市杨各庄镇森罗寨村,13020036,2014/8/2 13:24,2014/7/30 0:00,中国银行,116,34172.29,294.588707
河北省,承德市兴隆县兴隆镇小河南村,兴隆县兴隆镇小河南村,13080037,2014/8/2 13:30,,中国银行,236,4258267.5,18043.50636
河北省,唐山市迁安市蔡园镇李庄子,迁安市蔡园镇李庄子村,13020037,2014/8/2 13:31,2014/7/18 0:00,中国银行,455,8373167,18402.56484
河北省,唐山市滦县古马镇塘坨,滦县古马镇塘坨村,13020038,2014/8/2 13:36,2014/8/7 0:00,中国银行,240,3725566.8,15523.195
河北省,邢台市隆尧县千户营乡苏家庄,隆尧县千户营乡苏家庄村,13050004,2014/8/4 15:57,,中国银行,591,4856798,8217.932318
河北省,衡水市安平县西两洼乡后铺村,两洼乡后铺村,13110207,2014/8/4 17:03,,中国银行,150,511029.3,3406.862
河北省,衡水市安平县程油子乡张庄村,油子乡张庄村,13110208,2014/8/4 17:52,,中国银行,26,60026,2308.692308
河北省,邢台市沙河市赞善街道办事处下郑村,沙河市赞善办事处下郑村,13050005,2014/8/4 19:39,,中国银行,487,16707232,34306.43121
河北省,衡水市饶阳县王同岳乡横头村,饶阳县同岳乡横头村,13110209,2014/8/4 20:58,,中国银行,51,591222.25,11592.59314
河北省,邢台市沙河市蝉房乡温家沟村,沙河市蝉房乡五里沟,13050006,2014/8/5 16:47,,中国银行,522,2887195.5,5531.025862
河北省,张家口市涿鹿县东小庄乡涿鹿县双树村,涿鹿县东小庄镇双树村,13070052,2014/8/5 20:52,,中国银行,1442,2118408,1469.076283
河北省,张家口市涿鹿县张家堡镇涿鹿县曹堡村,涿鹿县张家堡镇曹堡村,13070053,2014/8/5 20:56,,中国银行,227,370131.6,1630.535683
河北省,邢台市内邱县官庄镇官庄二村,内丘县官庄镇官二村,13050007,2014/8/6 16:49,,中国银行,474,3657294,7715.810127
河北省,沧州市泊头市文庙镇扁渡里,泊头市文庙镇扁渡里村,13090151,2014/8/8 11:18,,中国银行,251,2095822.9,8349.892032
河北省,沧州市南皮县潞灌乡旁堤刘,南皮县潞灌乡旁堤刘村,13090152,2014/8/8 16:56,,中国银行,475,5668836.5,11934.39263
河北省,衡水市饶阳县王同岳乡程各庄村,饶阳县同岳乡程各庄,13110210,2014/8/8 21:01,,中国银行,212,657076.56,3099.417736
河北省,石家庄市平山县岗南镇马冢村,平山县温塘镇北马中村,13010077,2014/8/9 9:27,,中国银行,407,2083681.1,5119.609582
河北省,石家庄市深泽县赵八乡西大陈村,深泽县赵八乡西大陈村,13010078,2014/8/9 9:41,,中国银行,155,977329.75,6305.353226
河北省,石家庄市深泽县桥头乡堤北村,深泽县桥头乡堤北村,13010079,2014/8/9 9:51,,中国银行,628,3701785,5894.562102
河北省,石家庄市深泽县白庄乡大直要村,深泽县白庄乡大直要村,13010080,2014/8/9 9:59,,中国银行,367,1694993.5,4618.510899
河北省,石家庄市辛集市田家庄乡旧寨村,辛集市田家庄乡旧寨村,13010083,2014/8/9 11:12,,中国银行,0,0,\N
河北省,石家庄市元氏县赵同乡井下村,元氏县赵同乡井下村,13010084,2014/8/9 0:00,,中国银行,380,3410227.5,8974.282895
河北省,石家庄市元氏县北褚乡西贾村,元氏县北褚乡西贾村,13010086,2014/8/9 0:00,,中国银行,284,1631862.1,5745.99331
河北省,石家庄市赵县南柏舍镇唐家寨村,赵县南柏舍镇唐家寨村,13010088,2014/8/9 11:42,,中国银行,363,3729992.2,10275.46061
河北省,石家庄市赵县新寨店镇北轮城村,赵县新寨店镇北轮城村,13010089,2014/8/9 14:17,,中国银行,279,2488182.5,8918.216846
河北省,石家庄市正定县新城铺镇北王庄村,正定县新城铺镇北王庄村,13010090,2014/8/9 0:00,,中国银行,279,2103151.2,7538.176344
河北省,唐山市迁西县滦阳镇夏家峪,迁西县滦阳镇夏家峪村,13020041,2014/8/10 16:27,,中国银行,545,2617260.8,4802.313394
河北省,承德市兴隆县李家营乡苗家营村,兴隆县李家营乡苗家营村,13080038,2014/8/10 0:00,,中国银行,215,1495297.4,6954.871628
河北省,秦皇岛市山海关区石河镇山海关石河镇田庄,山海关石河镇田庄,13030002,2014/8/11 10:52,,中国银行,128,2092128.9,16344.75703
河北省,唐山市滦南县城镇东上坡子,滦南县奔城镇东上坡子村,13020042,2014/8/11 11:34,,中国银行,211,5780915.5,27397.70379
河北省,唐山市滦南县姚王庄镇姚王庄,滦南县姚王庄镇,13020043,2014/8/11 11:41,,中国银行,420,24657996,58709.51429
河北省,唐山市滦南县胡各庄镇胡各庄村,滦南县胡各庄镇,13020044,2014/8/11 11:48,,中国银行,207,4133524.8,19968.71884
河北省,唐山市滦南县方各庄镇魏各庄村,滦南县方各庄镇魏各庄村,13020045,2014/8/11 11:56,,中国银行,102,1997412.6,19582.47647
河北省,唐山市乐亭县王滩镇曹庄村,乐亭县王滩镇曹庄,13020046,2014/8/11 12:11,,中国银行,636,2358658.2,3708.582075
河北省,唐山市乐亭县乐亭镇高甸村,乐亭县乐亭镇西高甸村,13020047,2014/8/11 12:16,,中国银行,288,2140143,7431.052083
河北省,承德市围场满族蒙古族自治县围场镇金字村,围场县围场镇金字村,13080039,2014/8/11 15:58,,中国银行,166,4067535.8,24503.22771
河北省,邢台市沙河市桥东街道办事处杜村,沙河市桥东办事处杜村,13050008,2014/8/11 16:18,,中国银行,377,2469828,6551.267905
河北省,衡水市饶阳县大官亭乡徐庄村,饶阳县官亭镇徐庄村,13110211,2014/8/11 16:54,,中国银行,233,2213280.8,9499.059227
河北省,承德市双桥区冯营子镇干沟子村,双桥区双峰寺镇甘沟子村,13080040,2014/8/11 0:00,,中国银行,177,19606204,110769.5141
河北省,承德市滦平县滦平镇西台子村,滦平县滦平镇西台子村,13080041,2014/8/11 22:14,,中国银行,393,290586.5,739.405852
河北省,承德市隆化县汤头沟镇四十家子,隆化县汤头沟镇四十家子村,13080042,2014/8/11 0:00,,中国银行,110,984258.4,8947.803636
河北省,石家庄市赵县高村乡北王村,赵县高村乡北王村,13010091,2014/8/13 11:35,2014/8/13 0:00,中国银行,241,908226.5,3768.574689
河北省,沧州市黄骅市吕桥镇黄骅市吕桥镇何桥村,黄骅市吕桥镇何桥村,13090153,2014/8/14 0:00,,中国银行,229,1227168.2,5358.8131
河北省,石家庄市赵县范庄镇南庄村,赵县范庄镇南庄村,13010093,2014/8/14 10:24,,中国银行,816,5012970,6143.345588
河北省,秦皇岛市昌黎县荒佃庄乡荒佃庄村,昌黎县荒佃庄镇荒佃庄村,13030005,2014/8/15 7:46,,中国银行,278,404396.4,1454.663309
河北省,秦皇岛市山海关区孟姜镇大毛山村,山海关大毛山村,13030007,2014/8/15 8:38,,中国银行,199,596240.1,2996.181407
河北省,秦皇岛市抚宁县留守营镇刘义庄村,留守营镇刘义庄村,13030008,2014/8/15 0:00,,中国银行,315,332143.53,1054.423905
河北省,秦皇岛市北戴河区戴河镇西坨头村,北戴河戴河镇西坨头村,13030009,2014/8/15 9:08,,中国银行,195,2331644,11957.14872
河北省,邢台市隆尧县大张庄乡黄家庄,隆尧县大张庄乡黄家庄村,13050009,2014/8/15 19:11,,中国银行,809,5182563,6406.134734
甘肃省,兰州市城关区青白石街道白道坪村,白道坪村,62010001,2014/8/15 20:27,,中国银行,101,6484228.5,64200.28218
河北省,沧州市黄骅市南排河镇西高头,黄骅市南排河镇西高头村,13090154,2014/8/18 0:00,,中国银行,464,14080401,30345.69181
河北省,石家庄市辛集市王口镇北汉口,辛集市王口镇北汉口村,13010094,2014/8/20 9:13,,中国银行,283,2879122.2,10173.57668
河北省,石家庄市晋州市东里庄乡南寺闾,晋州市东里庄镇南寺闾村,13010095,2014/8/20 9:50,,中国银行,224,225179.44,1005.265357
河北省,石家庄市晋州市东卓宿镇陈家庄,晋州市东卓宿镇陈家庄村,13010096,2014/8/20 9:58,,中国银行,549,3162449.8,5760.382149
河北省,石家庄市无极县北苏镇北苏村,无极县北苏镇北苏村李会荣助农点,13010097,2014/8/20 9:59,,中国银行,711,3397142,4777.977496
河北省,石家庄市晋州市营里镇营里村,晋州市营里镇营里村,13010098,2014/8/20 10:05,,中国银行,334,2041111.1,6111.111078
河北省,石家庄市无极县郭庄镇陈村,无极县郝庄乡东陈村助农点,13010099,2014/8/20 10:05,,中国银行,371,3128099,8431.533693
河北省,石家庄市平山县苏家庄乡缑家庄村,平山县苏家庄乡缑家庄村,13010101,2014/8/20 10:17,,中国银行,209,578654.06,2768.679713
河北省,石家庄市平山县宅北乡寨北村,平山县寨北乡寨北村,13010103,2014/8/20 10:22,,中国银行,0,0,\N
河北省,石家庄市藁城市贾市庄镇贾庄村,藁城区贾市庄镇贾庄村,13010107,2014/8/20 10:49,,中国银行,629,1166635.5,1854.746423
河北省,石家庄市藁城市南孟镇韩家洼,藁城区南董镇韩家洼村,13010108,2014/8/20 10:52,,中国银行,538,4535170,8429.684015
河北省,石家庄市鹿泉市石井乡栈道村,鹿泉区石井乡栈道村,13010110,2014/8/20 10:58,,中国银行,131,15774655,120417.2137
河北省,石家庄市赵县新寨店镇北正村,赵县新寨店镇北正村,13010111,2014/8/20 11:10,,中国银行,130,670893,5160.715385
河北省,石家庄市鹿泉市上庄镇大车行村,鹿泉区上庄镇大车行村,13010113,2014/8/20 11:26,,中国银行,0,0,\N
河北省,石家庄市鹿泉市铜冶镇南甘子村,鹿泉市铜冶镇南甘子村,13010114,2014/8/20 0:00,,中国银行,181,1051631,5810.116022
河北省,石家庄市赵县沙河店镇杨户村,赵县范庄镇杨户村,13010115,2014/8/20 11:32,,中国银行,340,1368891.2,4026.150588
河北省,石家庄市赵县南柏舍镇北柏舍村,赵县南柏舍镇北柏舍村,13010117,2014/8/20 11:37,,中国银行,276,3141743,11383.12681
河北省,石家庄市鹿泉市获鹿镇东焦村,鹿泉区宜安镇东焦村,13010118,2014/8/20 11:44,,中国银行,291,945156.2,3247.95945
河北省,石家庄市赵县新寨店镇曹谷疃村,赵县新寨店镇曹谷疃村,13010119,2014/8/20 11:45,,中国银行,558,5857480,10497.27599
河北省,石家庄市元氏县赵同乡墨池村,元氏县赵同乡墨池村,13010122,2014/8/20 11:59,,中国银行,149,1101012.8,7389.347651
河北省,石家庄市元氏县东张乡西富村,元氏县东张乡西付村,13010123,2014/8/20 12:04,,中国银行,96,894216,9314.75
河北省,石家庄市深泽县白庄乡南张庄村,深泽县白庄乡南张庄村,13010124,2014/8/20 12:05,,中国银行,321,810038.56,2523.484611
河北省,石家庄市元氏县宋曹镇王宋村,元氏县宋曹镇王宋村,13010125,2014/8/20 12:29,,中国银行,88,188888.94,2146.465227
河北省,石家庄市深泽县留村乡贾村,深泽县留村乡贾村,13010127,2014/8/20 12:34,,中国银行,252,815303.94,3235.333095
河北省,石家庄市深泽县桥头乡方元村,深泽县桥头乡方元村,13010129,2014/8/20 12:38,,中国银行,224,1006171.25,4491.835938
河北省,石家庄市元氏县北褚乡北褚村,元氏县北褚乡北褚村,13010130,2014/8/20 12:41,,中国银行,133,1323522,9951.293233
河北省,石家庄市元氏县赵同乡池村,元氏县赵同乡池村,13010132,2014/8/20 0:00,,中国银行,276,1914423.5,6936.317029
河北省,石家庄市深泽县白庄乡北冶庄头,深泽县白庄乡北冶庄头村,13010133,2014/8/20 14:26,,中国银行,110,474698.25,4315.438636
河北省,石家庄市深泽县桥头乡西小封,深泽县桥头乡西小封村,13010134,2014/8/20 14:28,,中国银行,148,215832.56,1458.328108
河北省,石家庄市深泽县桥头乡乘马,深泽县桥头乡乘马村,13010135,2014/8/20 14:29,,中国银行,240,1092448,4551.866667
河北省,石家庄市正定县南牛乡东贾村,正定县南牛乡东贾村,13010136,2014/8/20 0:00,,中国银行,361,818964.9,2268.600831
河北省,石家庄市正定县南牛乡东杨庄村,正定县南牛乡东杨庄村,13010137,2014/8/20 0:00,,中国银行,111,1425231.6,12839.92432
河北省,石家庄市辛集市南智丘镇西曹家庄,辛集市南智邱镇西曹家庄村,13010138,2014/8/20 14:52,,中国银行,313,4122865.5,13172.09425
河北省,石家庄市辛集市马庄乡赵古营村,辛集市马庄乡赵古营村,13010139,2014/8/20 14:53,,中国银行,303,3119952,10296.87129
河北省,石家庄市辛集市小辛庄乡小章村,辛集市小辛庄乡小章村,13010141,2014/8/20 14:56,,中国银行,241,616042.7,2556.193776
河北省,石家庄市辛集市小辛庄乡东庄里村,辛集市小辛庄乡东庄里村,13010142,2014/8/20 15:02,,中国银行,184,738578.8,4014.015217
河北省,石家庄市辛集市新垒头镇东大陈村,辛集市新垒头镇东大陈村,13010143,2014/8/20 0:00,,中国银行,152,550636.7,3622.609868
河北省,石家庄市辛集市南智丘镇朗口村,辛集市南智邱镇朗口村,13010144,2014/8/20 15:12,,中国银行,502,3533251.5,7038.349602
河北省,邢台市南宫市紫冢镇后紫冢村,南宫市紫冢镇后紫冢村,13050010,2014/8/20 15:56,,中国银行,1006,5102224,5071.793241
河北省,唐山市迁西县旧城乡巴家峪,迁西县旧城乡巴家峪村,13020049,2014/8/20 18:37,2014/8/21 0:00,中国银行,276,2907495.2,10534.4029
河北省,唐山市迁西县汉儿庄乡龙井关,迁西县汉儿庄乡龙井关村,13020050,2014/8/20 18:51,,中国银行,213,2797135.8,13132.09296
河北省,唐山市迁安市五重安乡五重安,迁安市五重安乡五重安村,13020051,2014/8/21 10:23,,中国银行,189,1705895.5,9025.902116
河北省,邯郸市成安县辛义乡王耳营村,成安县辛义乡王耳营,13040127,2014/8/21 10:57,,中国银行,150,1196234.4,7974.896
河北省,唐山市迁安市蔡园镇玄家洼,迁安市蔡园镇玄家洼村,13020052,2014/8/21 14:59,,中国银行,153,6087218.5,39785.74183
河北省,承德市兴隆县大杖子乡柳河口村,兴隆县大杖子乡柳河口村,13080045,2014/8/21 0:00,,中国银行,226,2441680.8,10803.89735
河北省,唐山市乐亭县王滩镇赵滩村,乐亭县王滩镇赵滩村,13020053,2014/8/22 9:58,,中国银行,439,3899721.8,8883.193166
河北省,秦皇岛市抚宁县杜庄乡下庄管区黄庄村,下庄管区黄庄村,13030010,2014/8/23 0:00,,中国银行,0,0,\N
河北省,邢台市隆尧县双碑乡北村,隆尧县双碑乡北村,13050011,2014/8/23 14:52,,中国银行,376,943829.9,2510.185904
河北省,衡水市饶阳县饶阳镇罗屯村,饶阳县饶阳镇罗屯村,13110212,2014/8/25 13:32,,中国银行,597,4392365,7357.39531
河北省,廊坊市永清县后奕镇李奉先,永清县后奕乡李奉先村,13100001,2014/8/26 0:00,,中国银行,154,704300.94,4573.382727
河北省,石家庄市晋州市槐树镇前祖祥村,晋州市槐树乡前祖祥村,13010146,2014/8/26 14:18,,中国银行,347,3018182,8697.930836
河北省,石家庄市晋州市东卓宿镇后甫村,晋州市桃园乡后里明甫村,13010147,2014/8/27 10:43,,中国银行,295,1427319.8,4838.372203
河北省,邯郸市邯郸县南堡乡南上宋,邯郸县南堡乡南上宋村,13040128,2014/8/27 10:59,,中国银行,504,1780978.6,3533.687698
河北省,承德市平泉县松树台乡营子村,平泉县松树台乡营子村,13080046,2014/8/28 21:31,2014/10/19 0:00,中国银行,231,1852198.5,8018.175325
河北省,承德市平泉县道虎沟乡双峰村,平泉县道虎沟乡双峰村,13080047,2014/8/28 21:32,,中国银行,33,163234.64,4946.504242
河北省,邯郸市成安县成安镇北漳村,成安县成安镇北漳村,13040129,2014/8/29 17:40,,中国银行,298,1585072.4,5319.034899
河北省,唐山市滦南县宋道口镇司营村,滦南县宋道口镇司营村,13020054,2014/8/31 10:15,2014/8/25 0:00,中国银行,646,27546266,42641.27864
河北省,承德市平泉县南五十家子镇后甸子村,平泉县南五十家子后甸子村,13080050,2014/9/1 7:57,,中国银行,16,314979,19686.1875
贵州省,贵阳市息烽县小寨坝镇亲戚寨村,亲戚寨村,52010006,2014/9/1 10:36,,贵阳银行,0,0,\N
贵州省,贵阳市息烽县永靖镇九庄镇,九庄镇,52010007,2014/9/1 10:40,,贵阳银行,0,0,\N
河北省,秦皇岛市抚宁县抚宁镇抚宁镇北街村,抚宁镇北街村,13030014,2014/9/1 0:00,,中国银行,519,6647484,12808.25434
河北省,衡水市冀州市南午村镇纸房头,南午村镇纸房头村,13110214,2014/9/1 11:38,,中国银行,83,22992.38,277.016627
河北省,承德市兴隆县北营房镇姚栅子,兴隆县北营房镇姚栅子村,13080051,2014/9/1 0:00,,中国银行,1119,1873819.4,1674.548168
甘肃省,兰州市榆中县来紫堡乡冯湾村,冯家湾村民服务中心,62010002,2014/9/1 17:55,,中国银行,0,0,\N
河北省,唐山市玉田县潮洛窝乡霞港村,玉田县杨家板桥镇康乐村,13020055,2014/9/1 21:41,2014/8/27 0:00,中国银行,175,9990266,57087.23429
河北省,唐山市玉田县鸦鸿桥镇东小淀,玉田县鸦鸿桥镇东小淀村,13020056,2014/9/1 21:50,2014/8/29 0:00,中国银行,55,713159.7,12966.54
河北省,沧州市青县流河镇东魏村,青县流河镇东魏村,13090157,2014/9/2 14:35,,中国银行,318,571624.44,1797.561132
河北省,沧州市青县盘古乡大盘古村,青县盘古镇大盘古村,13090158,2014/9/2 0:00,,中国银行,464,3692697,7958.398707
河北省,沧州市青县木门店镇后吴召村,青县木门店镇后吴召,13090159,2014/9/2 16:04,,中国银行,0,0,\N
河北省,沧州市青县曹寺乡厚召官村,青县曹寺镇厚召官,13090160,2014/9/2 16:09,,中国银行,165,943316.3,5717.068485
河北省,沧州市青县木门店镇蔡村,青县木门店镇蔡村,13090163,2014/9/2 0:00,,中国银行,137,316587.84,2310.860146
河北省,沧州市青县曹寺乡前洼村,青县曹寺镇前洼村,13090166,2014/9/2 0:00,,中国银行,131,435167,3321.885496
河北省,邢台市宁晋县耿庄桥镇毕家庄,宁晋县耿庄桥镇毕家庄村,13050012,2014/9/3 10:01,,中国银行,748,5427104,7255.486631
河北省,邢台市宁晋县换马店镇米家庄,宁晋县换马店乡米家庄村,13050015,2014/9/3 12:47,,中国银行,462,2250094.8,4870.335065
河北省,承德市围场满族蒙古族自治县朝阳地镇北道村,围场县朝阳地镇北道村,13080052,2014/9/3 20:59,,中国银行,340,1704593.2,5013.509412
河北省,承德市隆化县荒地乡大后沟村,隆化县荒地乡大后沟村,13080053,2014/9/3 21:01,2014/10/16 0:00,中国银行,226,2087600.4,9237.169912
河北省,承德市隆化县张三营镇通事营村,隆化县张三营镇通事营村,13080054,2014/9/3 21:04,,中国银行,172,1633670.4,9498.083721
河北省,唐山市迁安市闫家店乡于家坎村,迁安市闫家店乡于家坎村,13020058,2014/9/4 12:14,,中国银行,118,145923.05,1236.636017
河北省,石家庄市正定县新城铺镇西咬村,正定县新城铺镇西咬村,13010148,2014/9/4 0:00,,中国银行,282,2328429.5,8256.842199
河北省,衡水市冀州市徐家庄乡东野庄头村,徐庄乡东野庄头村,13110215,2014/9/10 9:17,,中国银行,147,31146.59,211.881565
河北省,衡水市冀州市官道李镇羡家庄村,管道李镇羡庄村,13110216,2014/9/10 9:59,,中国银行,0,0,\N
河北省,衡水市冀州市码头李镇付官村,码头李镇付官村,13110217,2014/9/10 10:16,,中国银行,121,493906.16,4081.869091
河北省,衡水市冀州市码头李镇王明庄,码头李镇王明庄,13110218,2014/9/10 10:24,,中国银行,182,295020.8,1620.993407
河北省,衡水市冀州市南午村镇余庄村,南午村镇余庄村,13110219,2014/9/10 10:32,,中国银行,28,120004.74,4285.883571
河北省,衡水市冀州市西王镇高庄村,西王镇高庄村,13110222,2014/9/10 13:59,,中国银行,2,1,0.5
河北省,唐山市迁安市杨店子镇麻官营,迁安市杨店子镇麻官营村,13020059,2014/9/11 11:02,,中国银行,274,20697522,75538.40146
甘肃省,兰州市皋兰县水阜乡长川村,皋兰县水阜乡长川村,62010003,2014/9/13 12:17,,中国银行,171,3141307.8,18370.22105
河北省,唐山市迁安市沙河驿镇二店子,迁安市沙河驿镇二里店子村,13020060,2014/9/14 11:35,,中国银行,128,2057127.4,16071.30781
河北省,唐山市丰润区泉河头镇东孝义,丰润区泉河头镇东孝义村,13020061,2014/9/14 21:14,,中国银行,303,3498512.2,11546.24488
河北省,唐山市玉田县散水头镇黄家铺村,玉田县散水头镇黄家铺村,13020062,2014/9/14 21:22,,中国银行,214,1593563.8,7446.559813
甘肃省,兰州市皋兰县石洞镇文山村,皋兰县石洞镇文山村,62010005,2014/9/16 13:32,,中国银行,254,3628019.2,14283.54016
河北省,沧州市南皮县潞灌乡刘硕盘,南皮县潞灌乡刘硕盘村,13090167,2014/9/16 14:49,,中国银行,386,4095119.5,10609.11788
河北省,廊坊市大城县旺村镇张荆河村,大城县旺村镇流标村,13100002,2014/9/17 10:28,,中国银行,0,0,\N
甘肃省,张掖市甘州区甘浚镇巴吉村,巴吉村助农取款服务点,62070003,2014/9/17 12:06,2014/9/16 0:00,中国银行,0,0,\N
河北省,沧州市东光县大单镇穆庄,东光县大单镇穆庄村,13090168,2014/9/17 16:23,,中国银行,359,2961220,8248.523677
河北省,廊坊市广阳区廊坊经济技术开发区大官地,开发区大官地乡大官地村,13100006,2014/9/18 0:00,,中国银行,0,0,\N
河北省,衡水市饶阳县东里满乡大城北村,饶阳县东里满乡大城北村,13110224,2014/9/19 18:28,,中国银行,53,64707.25,1220.891509
河北省,衡水市饶阳县王同岳乡范苑村,饶阳县同岳乡范苑村,13110225,2014/9/19 18:34,,中国银行,363,348806.75,960.900138
河北省,邢台市沙河市新城镇白错村,沙河市新城镇白错村,13050016,2014/9/20 12:15,,中国银行,289,11812659,40874.2526
河北省,邢台市沙河市綦村镇孔庄,沙河市綦村镇孔庄,13050017,2014/9/20 16:03,,中国银行,592,2374165.5,4010.414696
甘肃省,白银市靖远县北滩乡独山村,靖远县北滩乡独山村助农点,62040001,2014/9/20 16:09,,中国银行,175,665193.94,3801.108229
河北省,唐山市迁安市大崔庄镇石梯子沟村,迁安市大崔庄镇石梯子沟村,13020063,2014/9/20 22:03,2014/9/16 0:00,中国银行,376,3858567.2,10262.14681
河北省,秦皇岛市昌黎县昌黎镇犁湾河一村,昌黎县城郊区犁湾河一村,13030015,2014/9/21 16:09,,中国银行,238,2927063.5,12298.58613
河北省,承德市承德县上板城镇南三道河村,高新区上板城镇南三道河村,13080057,2014/9/22 21:29,,中国银行,175,1118029.2,6388.738286
河北省,廊坊市固安县固安镇北孝城,固安县公主府乡北孝城村,13100007,2014/9/23 0:00,,中国银行,113,1036205.7,9169.961947
河北省,唐山市滦南县马城镇马城村,滦南县马城镇马城村,13020064,2014/9/24 9:12,,中国银行,79,103441.29,1309.383418
河北省,唐山市滦南县柏各庄镇陈各庄,滦南县柏各庄镇陈各庄村,13020065,2014/9/24 9:25,,中国银行,1,1809983.9,1809983.9
河北省,唐山市滦南县城镇皂户村,滦南县奔城镇皂户村,13020066,2014/9/24 10:22,,中国银行,109,947937.94,8696.678349
河北省,石家庄市藁城市兴安镇兴安村,藁城区兴安镇兴安村,13010149,2014/9/24 12:00,,中国银行,755,4410661,5841.935099
河北省,沧州市泊头市齐桥镇小胡屯村,泊头市齐桥镇小胡屯村,13090170,2014/9/24 15:06,,中国银行,175,1133590.1,6477.657714
河北省,唐山市滦南县柳赞镇柳赞一村,滦南县柳赞镇,13020067,2014/9/24 16:19,,中国银行,145,3399775.5,23446.72759
河北省,唐山市滦南县坨里镇坨里村,滦南县坨里镇坨里村,13020068,2014/9/24 16:33,,中国银行,1,10014.1,10014.1
河北省,唐山市迁西县渔户寨乡东水峪,迁西县渔户寨乡东水峪村,13020069,2014/9/24 16:58,,中国银行,202,515809.9,2553.514356
河北省,唐山市丰润区泉河头镇王庄村,丰润区泉河头镇王庄村,13020070,2014/9/24 18:52,2014/8/13 0:00,中国银行,125,1071129.9,8569.0392
河北省,承德市隆化县章吉营乡榆树底村,隆化县章吉营乡榆树底村,13080059,2014/9/24 0:00,,中国银行,178,1243100.9,6983.712921
河北省,承德市双桥区水泉沟镇上窝铺村,双桥区双峰寺镇上窝铺村,13080061,2014/9/24 0:00,,中国银行,197,11923257,60524.14721
河北省,石家庄市藁城市南营镇土山村,藁城市土山村,13010150,2014/9/25 0:00,,中国银行,696,2816460.8,4046.63908
河北省,沧州市沧县黄递铺乡南王大村,沧县崔尔庄镇西南王大村,13090172,2014/9/25 13:41,,中国银行,162,2878524.8,17768.67161
河北省,唐山市遵化市汤泉满族乡关山口村,遵化市汤泉乡关山口,13020071,2014/9/26 22:00,,中国银行,509,2909417,5715.946955
河北省,唐山市遵化市建明镇靠山庄,遵化市建明圣地亚超市,13020072,2014/9/26 22:14,,中国银行,472,5107819,10821.65042
河北省,承德市平泉县台头山乡台头山村,平泉县台头山乡农业技术综合推广站,13080062,2014/9/26 23:14,,中国银行,45,1069.59,23.768667
河北省,沧州市黄骅市常郭乡后王桥,黄骅市常郭镇后王桥村,13090173,2014/9/27 10:21,,中国银行,196,1544044.5,7877.778061
山东省,德州市陵县陵城镇西李村,德州市陵县陵城镇五李社区助农服务点,37140001,2014/9/27 11:03,,中国银行,845,7015414,8302.265089
河北省,秦皇岛市卢龙县石门镇石门镇杨黄岭村,卢龙县石门镇杨黄岭村,13030016,2014/9/27 14:25,,中国银行,0,0,\N
河北省,承德市兴隆县平安堡镇拨东村,兴隆县平安堡镇拨东村,13080063,2014/9/27 0:00,,中国银行,230,1255867.9,5460.295217
甘肃省,定西市安定区内官镇永丰村,内官镇永丰村助农点,62110001,2014/9/28 13:11,,中国银行,0,0,\N
河北省,秦皇岛市青龙满族自治县肖营子镇王子店村,青龙县王子店村,13030018,2014/9/28 15:41,,中国银行,254,2423682.8,9542.058268
河北省,唐山市丰润区刘家营乡东杨家营,丰润区刘家营东杨家营,13020074,2014/9/30 21:08,,中国银行,219,18982824,86679.56164
河北省,廊坊市安次区东沽港镇东沽港,安次区东沽港镇,13100008,2014/10/9 0:00,,中国银行,230,736848.4,3203.688696
河北省,唐山市玉田县石臼窝镇石臼村,玉田县石臼窝镇石臼村,13020075,2014/10/9 22:33,,中国银行,376,1821209,4843.640957
河北省,唐山市开平区双桥乡大柳树村,开平区双桥镇大柳树村,13020078,2014/10/9 0:00,,中国银行,134,2124576.8,15855.05075
河北省,沧州市河间市景和镇景和村,河间市景和镇景和村,13090174,2014/10/10 10:54,,中国银行,530,5088524.5,9600.989623
河北省,秦皇岛市抚宁县杜庄乡杜庄村,杜庄镇（车庄村,13030019,2014/10/10 22:42,,中国银行,548,2187744.5,3992.234489
河北省,廊坊市霸州市东段乡冯柳村,霸县东段乡冯柳村,13100009,2014/10/11 9:00,,中国银行,255,26389622,103488.7137
河北省,廊坊市三河市燕郊镇大柳店村,三河市燕郊开发区大柳店村,13100010,2014/10/12 0:00,,中国银行,312,1987104.5,6368.924679
河北省,邢台市沙河市桥东街道办事处辛寨村,沙河市桥东办事处辛寨,13050018,2014/10/13 17:53,,中国银行,723,6070414,8396.146611
河北省,廊坊市广阳区万庄镇蔬源蔬菜市场,蔬源市场取款点,13100011,2014/10/14 0:00,,中国银行,231,1604917.9,6947.696537
河北省,邢台市隆尧县固城镇乡观,隆尧县固城镇乡观村,13050019,2014/10/15 10:39,,中国银行,269,3503083.2,13022.61413
河北省,沧州市青县流河镇广福楼,青县流河镇广福楼村,13090175,2014/10/15 11:44,,中国银行,809,502242.06,620.818368
河北省,邯郸市肥乡县辛安镇乡辛安镇,肥乡县辛安镇乡辛安镇村,13040132,2014/10/15 16:12,,中国银行,108,1351183,12510.9537
河北省,邢台市隆尧县大张庄乡王雄庄,隆尧县大张庄乡王雄庄村,13050020,2014/10/15 17:36,,中国银行,455,2921725.2,6421.374066
河北省,邢台市宁晋县凤凰镇王村,宁晋凤凰镇王村,13050021,2014/10/16 9:39,,中国银行,264,2165345,8202.064394
河北省,秦皇岛市抚宁县抚宁镇下庄管区赵家庄村,下庄管区赵家庄村,13030020,2014/10/16 0:00,,中国银行,318,1631602.1,5130.824214
甘肃省,酒泉市肃州区泉湖乡营门村,酒泉市肃州区泉湖乡营门村,62090001,2014/10/16 11:19,,中国银行,125,1917714.5,15341.716
河北省,秦皇岛市昌黎县朱各庄镇朱各庄,昌黎县朱各庄镇朱各庄村,13030021,2014/10/16 13:05,,中国银行,403,1023045.06,2538.57335
河南省,商丘市睢阳区闫集乡毛囟严缑囟汛,商丘市毛囟严缁菖┲Ц斗务点,41140001,2014/10/16 20:04,2014/10/15 0:00,中国银行,0,0,\N
河北省,邯郸市临漳县章里集乡堤上村,临漳县章里集乡堤上村,13040133,2014/10/16 21:15,,中国银行,225,1031851.1,4586.004889
甘肃省,武威市凉州区东河乡蔡家滩,武威市凉州区东河乡蔡家滩村助农取款点,62060001,2014/10/17 13:09,,中国银行,0,0,\N
河北省,石家庄市藁城市邱头镇堤上村,藁城区堤上村,13010151,2014/10/18 0:00,,中国银行,375,1701005.1,4536.0136
河北省,石家庄市藁城市兴安镇东里村,藁城区东里村,13010152,2014/10/18 0:00,,中国银行,228,648511.06,2844.346754
河北省,石家庄市晋州市晋州镇赵位村,晋州市赵位乡赵位村,13010153,2014/10/18 11:08,,中国银行,196,13368266,68205.43878
甘肃省,武威市民勤县三雷镇建新村,武威市民勤县三雷镇建新村助农取款点,62060002,2014/10/18 15:42,,中国银行,0,0,\N
河北省,唐山市乐亭县古河乡李各庄村,乐亭县古河乡李各庄村,13020079,2014/10/19 20:21,,中国银行,155,1135554.8,7326.16
河北省,唐山市滦县茨榆坨镇白塔坨村,滦县茨榆坨镇白塔坨村,13020080,2014/10/19 22:18,2014/9/25 0:00,中国银行,250,611192.7,2444.7708
河北省,承德市兴隆县六道河镇北火道村,兴隆县六道河镇北火道村,13080065,2014/10/20 19:59,,中国银行,194,1018774.2,5251.413402
河北省,承德市兴隆县六道河镇杨树沟村,兴隆县六道河镇杨树沟村,13080066,2014/10/20 20:00,,中国银行,262,1149778,4388.465649
河北省,承德市围场满族蒙古族自治县朝阳湾镇苇子沟村,围场县朝阳湾镇苇子沟村,13080069,2014/10/20 21:32,,中国银行,186,1706902.9,9176.897312
甘肃省,兰州市七里河区西果园镇政府下果园村,七里河区西果园镇桥头助农点,62010006,2014/10/21 11:43,,中国银行,0,0,\N
贵州省,贵阳市南明区西湖路街道办事处水塘村,水塘村,52010009,2014/10/21 12:22,2014/10/24 0:00,贵阳银行,0,0,\N
贵州省,贵阳市南明区后巢乡水坝村,水坝村,52010010,2014/10/21 12:23,2014/11/15 0:00,贵阳银行,0,0,\N
河北省,张家口市怀来县存瑞镇怀来县草庙子村,怀来县存瑞镇草庙子村,13070062,2014/10/21 0:00,,中国银行,56,141109.48,2519.812143
河北省,张家口市涿鹿县温泉屯乡涿鹿县杏园村,涿鹿县温泉屯镇杏园村,13070063,2014/10/21 15:09,,中国银行,281,1149477.8,4090.668327
河北省,承德市丰宁满族自治县胡麻营乡后营村,丰宁县胡麻营乡后营村,13080071,2014/10/23 19:54,,中国银行,238,1540398.1,6472.260924
河北省,张家口市宣化区庞家堡镇宣化区闫家堡村,宣化县闫家堡助农取款点,13070064,2014/10/23 20:17,,中国银行,94,536059.56,5702.761277
河北省,张家口市万全县孔家庄镇万全县太师庄村,宣平堡乡太师庄村,13070065,2014/10/23 21:11,,中国银行,164,318659.44,1943.045366
河北省,衡水市枣强县大营镇枣强县大营镇顾庄村,枣强县大营镇顾家庄,13110226,2014/10/24 0:00,,中国银行,0,0,\N
安徽省,合肥市肥东县梁园镇邓岗村,合肥管理部肥东支行邓岗助农取款服务点,34010001,2014/10/24 10:19,2014/11/14 0:00,中国银行,0,0,\N
河南省,商丘市虞城县镇里刘店乡镇上,虞城县刘店乡惠农支付服务点,41140003,2014/10/24 15:56,2014/10/25 0:00,中国银行,0,0,\N
河北省,石家庄市辛集市辛集镇旧垒头村,辛集市新垒头镇旧垒头村,13010154,2014/12/31 16:32,,中国银行,277,1017084.2,3671.784116
河南省,商丘市睢县尤吉屯乡尤吉屯许堂村,睢县尤吉屯许堂村惠农支付服务点,41140004,2014/12/31 18:27,2014/12/30 0:00,中国银行,0,0,\N
河南省,商丘市睢县西陵寺镇睢县西陵北村,睢县西陵寺北村孙留成惠农支付服务点,41140006,2014/12/31 19:18,2014/12/20 0:00,中国银行,0,0,\N
河北省,邢台市宁晋县苏家庄镇伍烈霍村,宁晋县苏家庄乡伍烈霍村,13050023,2014/12/31 20:52,,中国银行,275,1492635.6,5427.765818
河北省,邢台市宁晋县河渠镇河渠村,宁晋县河渠镇河渠村,13050024,2014/12/31 20:59,,中国银行,263,1466254.5,5575.112167
河北省,邢台市宁晋县河渠镇大召村,宁晋县河渠镇大召村,13050025,2014/12/31 21:12,,中国银行,599,2496869.2,4168.395993
河北省,邢台市宁晋县贾家口镇贾家口村,宁晋县贾家口镇贾家口村,13050026,2014/12/31 21:17,,中国银行,265,1008551.44,3805.854491
河北省,邢台市宁晋县大陆村镇大陆村,宁晋县大陆村镇大陆村,13050027,2014/12/31 21:22,,中国银行,272,1044193.06,3838.945074
河北省,邢台市清河县连庄镇西张古村,清河县连庄镇西张古村,13050028,2014/12/31 21:34,,中国银行,151,1281567.9,8487.204636
河北省,邢台市沙河市綦村镇后坡村,沙河市綦村镇后坡村,13050029,2014/12/31 21:36,,中国银行,368,729746.56,1983.006957
河北省,邢台市内邱县柳林镇小杨庄村,内丘县柳林镇小杨庄村,13050030,2014/12/31 21:41,,中国银行,296,984386.6,3325.630405
河北省,邢台市威县梨元屯镇东赵村,威县梨元屯镇东赵村,13050031,2014/12/31 21:51,,中国银行,203,745746.06,3673.625911
河北省,邢台市沙河市十里亭镇南高村,沙河市十里亭镇南高村,13050032,2014/12/31 21:52,,中国银行,96,22915.5,238.703125
河北省,邢台市威县名州镇莫尔寨,威县持菡蚰尔寨村,13050033,2014/12/31 21:57,,中国银行,104,617074.8,5933.411538
河北省,邢台市沙河市新城镇新城村,沙河市新城镇新城村,13050034,2014/12/31 21:58,,中国银行,180,4805235,26695.75
河北省,邢台市隆尧县东良乡泽畔村,隆尧县东良乡泽畔村,13050036,2014/12/31 22:04,,中国银行,200,329562.66,1647.8133
河北省,邢台市隆尧县牛家桥乡北吴疃村,隆尧县牛家桥乡北吴疃村,13050037,2014/12/31 22:28,,中国银行,315,1491110.6,4733.684444
河北省,邢台市隆尧县山口镇东尚村,隆尧县山口镇东尚村,13050038,2014/12/31 22:32,,中国银行,246,908502.8,3693.100813
河北省,邢台市隆尧县东良乡大干言村,隆尧县东良乡大干言村,13050039,2014/12/31 22:36,,中国银行,246,345568.25,1404.748984
河北省,邢台市隆尧县山口镇佃户营村,隆尧县固城镇佃户营村,13050040,2014/12/31 22:40,,中国银行,162,204482.66,1262.238642
河南省,信阳市光山县北向店乡镇街,光山县南向店乡惠农支付服务点,41150001,2015/1/1 9:11,,中国银行,0,0,\N
河南省,郑州市登封市白坪乡东白坪村,白坪助农点,41010001,2015/1/1 0:00,,中国银行,68,0,0
河南省,新乡市辉县市胡桥街道办事处胡桥乡三小营村,辉县市胡桥乡三小营村助农取款服务点,41070001,2015/1/1 10:32,2015/1/1 0:00,中国银行,0,0,\N
河南省,新乡市原阳县福宁集乡陈杏兰村,新乡市原阳县福宁集镇陈杏兰村冯银喜助农金融,41070002,2015/1/1 11:14,,中国银行,0,0,\N
河南省,新乡市新乡县古固寨镇古固寨,新乡县古固寨镇富康社区程秀丽,41070003,2015/1/1 11:48,2014/11/7 0:00,中国银行,283,1525035.6,5388.818375
河南省,商丘市睢县胡堂乡睢县胡堂乡胡堂村,睢县胡堂乡胡堂集惠农支付服务点,41140008,2015/1/1 12:04,2014/12/20 0:00,中国银行,0,0,\N
河南省,新乡市获嘉县冯庄镇冯庄,获嘉县冯庄镇冯庄村惠农支付服务点,41070004,2015/1/1 12:07,2015/1/1 0:00,中国银行,0,0,\N
河北省,张家口市万全县郭磊庄镇何家屯,何家屯服务点,13070068,2015/1/1 12:54,,中国银行,118,769420.9,6520.516102
河南省,信阳市市辖区师河港乡镇街,负痈壅蚧菖┲Ц斗务点,41150002,2015/1/1 16:45,,中国银行,0,0,\N
河南省,信阳市市辖区东双河镇镇街,东双河镇惠农支付服务点,41150003,2015/1/1 16:46,,中国银行,0,0,\N
河南省,信阳市市辖区谭家河乡大庙畈村,谭家河镇大庙畈村惠农支付服务点,41150005,2015/1/1 16:48,,中国银行,0,0,\N
河南省,信阳市市辖区董家河乡镇街,董家河乡惠农支付服务点,41150006,2015/1/1 16:52,,中国银行,0,0,\N
河南省,信阳市平桥区甘岸街道办事处二郎村,长台关乡惠农支付服务点,41150007,2015/1/1 17:22,,中国银行,0,0,\N
河南省,信阳市商城县冯店乡冯店村,商城县冯店乡惠农支付服务点,41150009,2015/1/1 17:27,,中国银行,0,0,\N
河南省,信阳市罗山县彭新镇镇街,罗山彭新镇惠农支付服务点,41150010,2015/1/1 17:35,,中国银行,0,0,\N
河南省,信阳市固始县沙河铺乡沙河铺镇街,固始县沙河铺镇惠农支付服务点,41150012,2015/1/1 17:43,,中国银行,0,0,\N
河南省,信阳市平桥区五里店镇镇街,平桥区五里办事处惠农支付服务点,41150013,2015/1/1 17:46,,中国银行,0,0,\N
安徽省,合肥市长丰县左店乡陆桥村,合肥管理部长丰县左店乡陆桥村助农服务点,34010003,2015/1/1 19:16,2015/3/16 0:00,中国银行,0,0,\N
贵州省,贵阳市开阳县高寨乡平寨村,开阳高寨平寨村,5201212080001,2014/11/17 0:00,2014/11/17 0:00,贵阳银行,0,0,\N
贵州省,贵阳市乌当区永乐乡罗吏村,南明罗吏村,5201122010001,2014/9/24 0:00,2014/9/24 0:00,贵阳银行,0,0,\N
贵州省,贵阳市修文县龙场镇朝阳村,修文龙场朝阳村,5201231000002,2014/12/2 0:00,2014/12/2 0:00,贵阳银行,0,0,\N
